"rho","rhoU","rhoV","E","U","V","P","Points:0","Points:1","Points:2"
1.124260057657928,0,0,1.657685638724658,0,0,0.6630742554898634,0.5,0,0
1.121524096741408,0,0,1.653829845489455,0,0,0.6615319381957819,0.4903926253318787,0.09754516184329987,0
1.114120461735882,0,0,1.643502679334253,0,0,0.6574010717337012,0.4619397521018982,0.1913417130708694,0
1.104176941967124,0,0,1.629933646620635,0,0,0.6519734586482542,0.4157347977161407,0.2777851223945618,0
1.094509282670544,0,0,1.617309850618345,0,0,0.6469239402473381,0.3535533845424652,0.3535533845424652,0
1.088031049063649,0,0,1.609972507403424,0,0,0.6439890029613697,0.2777851223945618,0.4157347977161407,0
1.087365487893345,0,0,1.612052528038863,0,0,0.6448210112155452,0.1913417130708694,0.4619397521018982,0
1.094539522430218,0,0,1.627140856252821,0,0,0.6508563425011283,0.09754516184329987,0.4903926253318787,0
1.110639609176361,0,0,1.657628196843387,0,0,0.6630512787373548,3.06161713146292e-17,0.5,0
1.135485161814784,0,0,1.703840010358185,0,0,0.6815360041432741,-0.09754516184329987,0.4903926253318787,0
1.167482690293273,0,0,1.763439963161766,0,0,0.7053759852647065,-0.1913417130708694,0.4619397521018982,0
1.203780220788165,0,0,1.831497024988721,0,0,0.7325988099954883,-0.2777851223945618,0.4157347977161407,0
1.240711360274184,0,0,1.901251705184557,0,0,0.7605006820738229,-0.3535533845424652,0.3535533845424652,0
1.274388846033785,0,0,1.965277473913678,0,0,0.7861109895654713,-0.4157347977161407,0.2777851223945618,0
1.301268052284363,0,0,2.016642459965991,0,0,0.8066569839863965,-0.4619397521018982,0.1913417130708694,0
1.318568512750078,0,0,2.049819653740683,0,0,0.8199278614962732,-0.4903926253318787,0.09754516184329987,0
1.324534755538503,0,0,2.061281627068671,0,0,0.8245126508274686,-0.5,6.123234262925839e-17,0
1.318568512750078,0,0,2.049819653740683,0,0,0.8199278614962732,-0.4903926253318787,-0.09754516184329987,0
1.301268052284363,0,0,2.016642459965992,0,0,0.8066569839863966,-0.4619397521018982,-0.1913417130708694,0
1.274388846033785,0,0,1.965277473913679,0,0,0.7861109895654717,-0.4157347977161407,-0.2777851223945618,0
1.240711360274184,0,0,1.901251705184557,0,0,0.7605006820738227,-0.3535533845424652,-0.3535533845424652,0
1.203780220788166,0,0,1.831497024988723,0,0,0.7325988099954892,-0.2777851223945618,-0.4157347977161407,0
1.167482690293272,0,0,1.763439963161765,0,0,0.7053759852647061,-0.1913417130708694,-0.4619397521018982,0
1.135485161814785,0,0,1.703840010358186,0,0,0.6815360041432745,-0.09754516184329987,-0.4903926253318787,0
1.110639609176361,0,0,1.657628196843387,0,0,0.6630512787373548,-9.184850732644269e-17,-0.5,0
1.094539522430218,0,0,1.627140856252821,0,0,0.6508563425011284,0.09754516184329987,-0.4903926253318787,0
1.087365487893345,0,0,1.612052528038863,0,0,0.6448210112155452,0.1913417130708694,-0.4619397521018982,0
1.088031049063649,0,0,1.609972507403424,0,0,0.6439890029613697,0.2777851223945618,-0.4157347977161407,0
1.094509282670544,0,0,1.617309850618345,0,0,0.6469239402473382,0.3535533845424652,-0.3535533845424652,0
1.104176941967124,0,0,1.629933646620635,0,0,0.651973458648254,0.4157347977161407,-0.2777851223945618,0
1.114120461735881,0,0,1.643502679334253,0,0,0.6574010717337012,0.4619397521018982,-0.1913417130708694,0
1.121524096741408,0,0,1.653829845489455,0,0,0.6615319381957819,0.4903926253318787,-0.09754516184329987,0
1.12372625204803,0.002684979983092064,7.581330674809066e-17,1.656936632742313,0.002389354149374543,6.746599237128998e-17,0.6627733700233124,0.5981747508049011,0,0
1.121068510581399,0.004888066969756111,-0.004323715507282583,1.653217604010957,0.004360185772429824,-0.00385678080016738,0.6612794439037807,0.5866810083389282,0.1166981086134911,0
1.113871801317505,0.01192289533461608,-0.00951968358080859,1.643290960651442,0.01070401039016653,-0.008546480456322319,0.6572745877435335,0.5526414513587952,0.2289115786552429,0
1.104202233043252,0.02473242896689675,-0.01537879471603977,1.630409950826724,0.02239845947307369,-0.01392751640580805,0.6520103489859708,0.4973641335964203,0.3323281109333038,0
1.09481854328825,0.04392061229331549,-0.02015111215592065,1.618891971898627,0.04011679612349409,-0.01840589226356861,0.6471302180697863,0.4229734241962433,0.4229734241962433,0
1.088597014792183,0.0687707079823075,-0.02098649222600855,1.61326569911427,0.06317370619965924,-0.01927847673733971,0.6443564620250291,0.3323281109333038,0.4973641335964203,0
1.088131933254846,0.09664737262012726,-0.01508855094651212,1.617718154908674,0.08881953526631035,-0.01386647196482773,0.6453285820255656,0.2289115786552429,0.5526414513587952,0
1.095418255281069,0.1231824722895215,-0.001071391525258821,1.63556959152794,0.1124524552111966,-0.000978066158833474,0.6514571927432289,0.1166981086134911,0.5866810083389282,0
1.111511827844496,0.1433255773138101,0.02008546845502374,1.668584206245976,0.1289465156585467,0.01807040460736669,0.6636648252301752,3.662764024190932e-17,0.5981747508049011,0
1.13621634135854,0.1528935840664448,0.0449451569098947,1.716321884644585,0.1345637960844978,0.03955686542595849,0.6820583877393585,-0.1166981086134911,0.5866810083389282,0
1.167948374484076,0.1499328684691261,0.0684475082558762,1.775894248528505,0.1283728559794921,0.05860490904498403,0.7057059653061479,-0.2289115786552429,0.5526414513587952,0
1.203893494981751,0.1353194132825459,0.08528235147120618,1.842288308921708,0.1124014822296196,0.07083878418372794,0.7326650434250932,-0.3323281109333038,0.4973641335964203,0
1.240440558997286,0.1124767468851036,0.09125355076966643,1.909148815829688,0.09067483812043722,0.07356543617328305,0.7602771427157049,-0.4229734241962433,0.4229734241962433,0
1.273759337507471,0.08646869467372048,0.08423968332666135,1.969762977849205,0.06788464047135065,0.06613469345905167,0.7856169787629123,-0.4973641335964203,0.3323281109333038,0
1.300351681911779,0.06282949687367663,0.06459618200944943,2.017990607967891,0.04831731119177284,0.0496759322174137,0.805947317604862,-0.5526414513587952,0.2289115786552429,0
1.31746855928508,0.04643027229946005,0.03502097559575919,2.04898501344925,0.03524203440927296,0.02658202000263537,0.8190805602741386,-0.5866810083389282,0.1166981086134911,0
1.323371798606548,0.04057516429684704,3.344881227939213e-16,2.059667493674462,0.03066044201604635,2.527544588347148e-16,0.8236181869753418,-0.5981747508049011,7.325528048381864e-17,0
1.31746855928508,0.0464302722994604,-0.0350209755957586,2.04898501344925,0.03524203440927322,-0.02658202000263492,0.8190805602741386,-0.5866810083389282,-0.1166981086134911,0
1.300351681911779,0.06282949687367649,-0.06459618200944921,2.017990607967892,0.04831731119177272,-0.04967593221741352,0.8059473176048622,-0.5526414513587952,-0.2289115786552429,0
1.273759337507472,0.08646869467372076,-0.08423968332666114,1.969762977849206,0.06788464047135083,-0.06613469345905146,0.7856169787629126,-0.4973641335964203,-0.3323281109333038,0
1.240440558997287,0.1124767468851032,-0.09125355076966642,1.909148815829688,0.09067483812043692,-0.07356543617328302,0.760277142715705,-0.4229734241962433,-0.4229734241962433,0
1.203893494981751,0.1353194132825458,-0.08528235147120601,1.842288308921709,0.1124014822296195,-0.07083878418372774,0.7326650434250938,-0.3323281109333038,-0.4973641335964203,0
1.167948374484076,0.1499328684691261,-0.0684475082558765,1.775894248528505,0.128372855979492,-0.05860490904498428,0.7057059653061479,-0.2289115786552429,-0.5526414513587952,0
1.136216341358541,0.1528935840664448,-0.04494515690989469,1.716321884644586,0.1345637960844978,-0.03955686542595847,0.6820583877393589,-0.1166981086134911,-0.5866810083389282,0
1.111511827844496,0.1433255773138102,-0.02008546845502402,1.668584206245976,0.1289465156585468,-0.01807040460736694,0.6636648252301753,-1.098829240344504e-16,-0.5981747508049011,0
1.095418255281069,0.1231824722895216,0.001071391525258643,1.63556959152794,0.1124524552111967,0.000978066158833312,0.651457192743229,0.1166981086134911,-0.5866810083389282,0
1.088131933254846,0.09664737262012738,0.01508855094651193,1.617718154908674,0.08881953526631046,0.01386647196482755,0.6453285820255658,0.2289115786552429,-0.5526414513587952,0
1.088597014792183,0.06877070798230744,0.02098649222600878,1.61326569911427,0.0631737061996592,0.01927847673733992,0.6443564620250291,0.3323281109333038,-0.4973641335964203,0
1.094818543288249,0.04392061229331574,0.0201511121559206,1.618891971898627,0.04011679612349432,0.01840589226356857,0.6471302180697864,0.4229734241962433,-0.4229734241962433,0
1.104202233043252,0.02473242896689673,0.0153787947160398,1.630409950826724,0.02239845947307368,0.01392751640580807,0.6520103489859707,0.4973641335964203,-0.3323281109333038,0
1.113871801317504,0.01192289533461632,0.009519683580808475,1.643290960651442,0.01070401039016675,0.008546480456322217,0.6572745877435335,0.5526414513587952,-0.2289115786552429,0
1.121068510581399,0.004888066969756,0.004323715507282673,1.653217604010957,0.004360185772429725,0.003856780800167461,0.6612794439037808,0.5866810083389282,-0.1166981086134911,0
1.130687046694118,0.009431970274846957,1.31758939559331e-16,1.669944370369331,0.008341804482879658,1.165299805499367e-16,0.6679620122173481,0.7156261205673218,0,0
1.128269541978531,0.01505103445471868,-0.01293700926018498,1.666992554895838,0.01333992800011707,-0.01146623991772273,0.6667271982447456,0.7018755674362183,0.1396117359399796,0
1.12179673670409,0.03199569654839974,-0.02554061528915108,1.659335717672774,0.02852183065035928,-0.02276759635100297,0.6634354722175191,0.6611523032188416,0.2738582491874695,0
1.113311322907824,0.06022831254665685,-0.0363082387823053,1.650093135850403,0.05409835623457808,-0.03261283527367072,0.6591487808765532,0.5950213670730591,0.3975805640220642,0
1.105457558931395,0.09870383578697128,-0.04210200937996612,1.643264377528331,0.08928776594769015,-0.0380855954530399,0.6552224459943542,0.5060240626335144,0.5060240626335144,0
1.100860989004057,0.1442443796383571,-0.03889614676490467,1.642785783238872,0.1310286957927851,-0.03533247808162755,0.6530594232570521,0.3975805640220642,0.5950213670730591,0
1.101719910386105,0.1910268294488393,-0.02358845962224003,1.651887434291265,0.173389649808446,-0.0214105775886117,0.6540295501950881,0.2738582491874695,0.6611523032188416,0
1.109540889016539,0.2314586966305993,0.004092540953112347,1.672594425668502,0.2086076312480532,0.00368849944479274,0.6593779411132201,0.1396117359399796,0.7018755674362183,0
1.124937222697402,0.2582941210658959,0.04076144116839307,1.705342887905973,0.2296075868540929,0.03623441410415266,0.6699805038073259,4.381946281607811e-17,0.7156261205673218,0
1.147474028531249,0.266871347462096,0.08008706123205489,1.748816942847622,0.2325728869033206,0.06979422561272711,0.6859954463127829,-0.1396117359399796,0.7018755674362183,0
1.175612267299208,0.2563427318335212,0.1144951602950962,1.800054192641063,0.2180504057025792,0.09739194076132901,0.7066123685476002,-0.2738582491874695,0.6611523032188416,0
1.206858560537146,0.2296361459692269,0.1369885747502465,1.854831640832357,0.1902759391017791,0.1135083921427179,0.7300839390953765,-0.3975805640220642,0.5950213670730591,0
1.238149799204559,0.1925663440663921,0.1425751672174748,1.908288775128443,0.155527500945447,0.1151517912526184,0.754042080420961,-0.5060240626335144,0.5060240626335144,0
1.266344238135464,0.1525516164529427,0.1291552077179055,1.955618381685618,0.1204661511924721,0.1019905992608066,0.7759373680492313,-0.5950213670730591,0.3975805640220642,0
1.288652441796065,0.1172177581582343,0.09783394463575176,1.992637862630338,0.09096149928126593,0.07591957417113594,0.7934371821639973,-0.6611523032188416,0.2738582491874695,0
1.3029297245893,0.09308938156673879,0.05267750735379124,2.016165937250449,0.07144620297620562,0.04043004496685028,0.8047102475318995,-0.7018755674362183,0.1396117359399796,0
1.307839665673763,0.08453522677985298,4.437704078246739e-16,2.024230732537193,0.06463730149697114,3.3931560532388e-16,0.8085994672267806,-0.7156261205673218,8.763892563215623e-17,0
1.3029297245893,0.09308938156673915,-0.05267750735379053,2.01616593725045,0.07144620297620589,-0.04043004496684974,0.8047102475318996,-0.7018755674362183,-0.1396117359399796,0
1.288652441796065,0.1172177581582342,-0.09783394463575143,1.992637862630339,0.0909614992812658,-0.07591957417113566,0.7934371821639975,-0.6611523032188416,-0.2738582491874695,0
1.266344238135464,0.152551616452943,-0.1291552077179053,1.955618381685619,0.1204661511924723,-0.1019905992608064,0.7759373680492316,-0.5950213670730591,-0.3975805640220642,0
1.238149799204559,0.1925663440663916,-0.142575167217475,1.908288775128443,0.1555275009454467,-0.1151517912526186,0.754042080420961,-0.5060240626335144,-0.5060240626335144,0
1.206858560537146,0.2296361459692271,-0.136988574750246,1.854831640832358,0.1902759391017794,-0.1135083921427175,0.7300839390953772,-0.3975805640220642,-0.5950213670730591,0
1.175612267299208,0.2563427318335211,-0.1144951602950965,1.800054192641064,0.2180504057025791,-0.09739194076132929,0.7066123685476005,-0.2738582491874695,-0.6611523032188416,0
1.147474028531249,0.2668713474620962,-0.08008706123205479,1.748816942847622,0.2325728869033208,-0.06979422561272702,0.685995446312783,-0.1396117359399796,-0.7018755674362183,0
1.124937222697402,0.258294121065896,-0.04076144116839348,1.705342887905973,0.229607586854093,-0.03623441410415301,0.6699805038073259,-1.314583884482343e-16,-0.7156261205673218,0
1.109540889016539,0.2314586966305994,-0.004092540953112699,1.672594425668502,0.2086076312480533,-0.003688499444793057,0.6593779411132201,0.1396117359399796,-0.7018755674362183,0
1.101719910386105,0.1910268294488394,0.02358845962223977,1.651887434291265,0.1733896498084462,0.02141057758861146,0.6540295501950882,0.2738582491874695,-0.6611523032188416,0
1.100860989004057,0.1442443796383571,0.03889614676490496,1.642785783238872,0.131028695792785,0.03533247808162781,0.653059423257052,0.3975805640220642,-0.5950213670730591,0
1.105457558931395,0.09870383578697157,0.04210200937996601,1.643264377528332,0.08928776594769042,0.03808559545303981,0.6552224459943544,0.5060240626335144,-0.5060240626335144,0
1.113311322907824,0.06022831254665682,0.03630823878230552,1.650093135850403,0.05409835623457804,0.03261283527367091,0.6591487808765533,0.5950213670730591,-0.3975805640220642,0
1.12179673670409,0.0319956965484,0.02554061528915113,1.659335717672774,0.02852183065035951,0.02276759635100301,0.6634354722175191,0.6611523032188416,-0.2738582491874695,0
1.128269541978531,0.01505103445471852,0.01293700926018522,1.666992554895838,0.01333992800011693,0.01146623991772295,0.6667271982447457,0.7018755674362183,-0.1396117359399796,0
1.139779960899731,0.02528951772622592,7.786792413047748e-17,1.685965389762357,0.02218807014843693,6.831838319828798e-17,0.6742739307862771,0.8561389446258545,0,0
1.13733973580761,0.03517430817211801,-0.0232283924966043,1.683479149689749,0.03092682605267562,-0.02042344232359922,0.6730792131869422,0.8396884799003601,0.1670244336128235,0
1.13099549543599,0.06388622099505567,-0.04335320101909108,1.677481522221276,0.05648671568795953,-0.03833189539130637,0.6699385022548969,0.7909692525863647,0.3276301920413971,0
1.123207334696777,0.10865151807807,-0.05689094455053365,1.671599318385746,0.0967332697372402,-0.05065043896449626,0.6659613737702594,0.711853563785553,0.4756453335285187,0
1.116882729854943,0.1647425122028402,-0.05996526609233155,1.669965281715282,0.1475020678529397,-0.05368984987360281,0.6624822352166458,0.6053816676139832,0.6053816676139832,0
1.114468890207293,0.225166034900305,-0.04924920512673338,1.675782237065528,0.20203886970629,-0.04419074014490699,0.6607791648234905,0.4756453335285187,0.711853563785553,0
1.117549224471825,0.2811029139270215,-0.02370751573595947,1.690705250160488,0.2515351518944288,-0.0212138447388428,0.6620400617220819,0.3276301920413971,0.7909692525863647,0
1.126863775881941,0.3237720688354306,0.01413356540904123,1.714938184276688,0.2873213921372441,0.0125423904038264,0.6673344916610532,0.1670244336128235,0.8396884799003601,0
1.142434825459362,0.3468828325968519,0.05846408247058866,1.747588886297563,0.3036346799541703,0.05117498273661326,0.6773720432653683,5.242339188371578e-17,0.8561389446258545,0
1.163550440142485,0.3481415865590767,0.1017403297647293,1.786866816700596,0.2992062694905123,0.08743955247206164,0.692134271825871,-0.1670244336128235,0.8396884799003601,0
1.188690739532999,0.3292611950858469,0.1364569637340187,1.830135236950265,0.2769948348509924,0.1147960181700655,0.7106804214913288,-0.3276301920413971,0.7909692525863647,0
1.215655106008716,0.2950672450873918,0.1565111338065683,1.874129361121396,0.2427228279048385,0.1287463302979341,0.7312977863929451,-0.4756453335285187,0.711853563785553,0
1.241928769634318,0.2523519896827384,0.1581058039614138,1.915415391954676,0.2031936096923196,0.1273066602748622,0.7518853100680557,-0.6053816676139832,0.6053816676139832,0
1.265094934518018,0.208707632497982,0.1402336779908739,1.9508661547495,0.1649738899456557,0.1108483436022142,0.7703512657163851,-0.711853563785553,0.4756453335285187,0
1.283128741719791,0.1714068769068389,0.1047313533182095,1.977965465068086,0.133585096595296,0.08162185906445907,0.7848970316334611,-0.7909692525863647,0.3276301920413971,0
1.294545382011791,0.1464165912849069,0.05593149050014149,1.994925865559688,0.1131027102791622,0.04320550772288958,0.7941750138740921,-0.8396884799003601,0.1670244336128235,0
1.298450170133487,0.1376353588797076,4.282515466205285e-16,2.000694682098616,0.1059997233975933,3.298174673707363e-16,0.7973600108452508,-0.8561389446258545,1.048467837674316e-16,0
1.294545382011792,0.1464165912849073,-0.05593149050014084,1.994925865559689,0.1131027102791624,-0.04320550772288907,0.7941750138740924,-0.8396884799003601,-0.1670244336128235,0
1.283128741719791,0.171406876906839,-0.1047313533182092,1.977965465068087,0.133585096595296,-0.0816218590644588,0.7848970316334615,-0.7909692525863647,-0.3276301920413971,0
1.265094934518018,0.2087076324979824,-0.1402336779908737,1.950866154749501,0.164973889945656,-0.110848343602214,0.7703512657163856,-0.711853563785553,-0.4756453335285187,0
1.241928769634318,0.2523519896827379,-0.1581058039614141,1.915415391954676,0.2031936096923193,-0.1273066602748626,0.7518853100680558,-0.6053816676139832,-0.6053816676139832,0
1.215655106008716,0.295067245087392,-0.1565111338065675,1.874129361121396,0.2427228279048386,-0.1287463302979335,0.7312977863929454,-0.4756453335285187,-0.711853563785553,0
1.188690739532999,0.3292611950858468,-0.1364569637340189,1.830135236950266,0.2769948348509922,-0.1147960181700656,0.7106804214913289,-0.3276301920413971,-0.7909692525863647,0
1.163550440142485,0.348141586559077,-0.1017403297647292,1.786866816700597,0.2992062694905126,-0.08743955247206157,0.6921342718258711,-0.1670244336128235,-0.8396884799003601,0
1.142434825459362,0.3468828325968523,-0.05846408247058905,1.747588886297564,0.3036346799541706,-0.05117498273661361,0.6773720432653684,-1.572701822685922e-16,-0.8561389446258545,0
1.126863775881941,0.3237720688354309,-0.01413356540904186,1.714938184276688,0.2873213921372443,-0.01254239040382695,0.6673344916610532,0.1670244336128235,-0.8396884799003601,0
1.117549224471825,0.2811029139270216,0.02370751573595938,1.690705250160488,0.2515351518944288,0.02121384473884271,0.662040061722082,0.3276301920413971,-0.7909692525863647,0
1.114468890207294,0.2251660349003049,0.04924920512673363,1.675782237065528,0.2020388697062898,0.0441907401449072,0.6607791648234906,0.4756453335285187,-0.711853563785553,0
1.116882729854943,0.1647425122028405,0.05996526609233149,1.669965281715282,0.1475020678529399,0.05368984987360274,0.662482235216646,0.6053816676139832,-0.6053816676139832,0
1.123207334696778,0.10865151807807,0.05689094455053378,1.671599318385746,0.09673326973724018,0.05065043896449636,0.6659613737702594,0.711853563785553,-0.4756453335285187,0
1.13099549543599,0.06388622099505586,0.04335320101909108,1.677481522221276,0.05648671568795969,0.03833189539130637,0.669938502254897,0.7909692525863647,-0.3276301920413971,0
1.13733973580761,0.03517430817211783,0.02322839249660461,1.683479149689749,0.03092682605267546,0.02042344232359948,0.6730792131869422,0.8396884799003601,-0.1670244336128235,0
1.152319827778472,0.05224274496209118,-6.192657876915594e-18,1.708162203920891,0.04533701816344567,-5.374079077381025e-18,0.6827911755129055,1.02424144744873,0,0
1.149898974951592,0.06661145399412652,-0.03419055001828268,1.706418473976048,0.05792809233257272,-0.02973352508616858,0.6815923335836079,1.004560947418213,0.1998195946216583,0
1.143860665589711,0.1071077912689193,-0.06139438945562506,1.702879862258461,0.09363709627492132,-0.05367296149131376,0.678487048650609,0.9462757110595703,0.3919602334499359,0
1.137112166585746,0.1667096948897953,-0.07595514904478942,1.701410236871125,0.1466079598729053,-0.06679653184333589,0.6746611929903175,0.8516256809234619,0.5690380930900574,0
1.132657389809091,0.2356232239998845,-0.07427889183825528,1.705583642103616,0.2080269162765969,-0.06557931154342707,0.6714560305852849,0.7242481112480164,0.7242481112480164,0
1.132467934726699,0.3028605076206171,-0.05541299754816681,1.717069488164148,0.2674340688451432,-0.04893118458275798,0.6700864669742992,0.5690380930900574,0.8516256809234619,0
1.137345105766429,0.3580864531752545,-0.02167132604562042,1.735667647748966,0.3148441500822645,-0.01905430984469454,0.6716361876661555,0.3919602334499359,0.9462757110595703,0
1.147366601330798,0.3938668571796764,0.02153099081963601,1.760278063241338,0.3432789979443722,0.01876557221960515,0.6769891730126703,0.1998195946216583,1.004560947418213,0
1.162222878262952,0.4071314039078015,0.0670508514297805,1.78965838519706,0.3503040694882005,0.0576919046112688,0.6865657382927965,6.271670169487255e-17,1.02424144744873,0
1.181157074294862,0.3989558604242046,0.107721622656531,1.822434482430743,0.3377669821453484,0.09120008252995451,0.700058125400053,-0.1998195946216583,1.004560947418213,0
1.202816905304591,0.3733494414011714,0.1375170396990917,1.856809183574046,0.310395904609129,0.1143291544146265,0.7164020045365326,-0.3919602334499359,0.9462757110595703,0
1.225369400079709,0.3360576027583958,0.1521974604951604,1.890577516606684,0.2742500365494158,0.1242053706296731,0.7340174962768944,-0.5690380930900574,0.8516256809234619,0
1.246835688861021,0.2936177384793734,0.1496800283571283,1.921462009829885,0.2354903225039956,0.1200479178566506,0.7511622215966743,-0.7242481112480164,0.7242481112480164,0
1.265416238242618,0.2525472263489884,0.1301458650036137,1.947463469276249,0.1995764071272866,0.1028482653141526,0.7662278388068747,-0.8516256809234619,0.5690380930900574,0
1.279680197606584,0.2186357878672618,0.09586142661225466,1.967049658725521,0.1708518958691254,0.07491045559003458,0.7779127910896091,-0.9462757110595703,0.3919602334499359,0
1.288625944387886,0.196389052293876,0.05077682361356369,1.979187459962548,0.1524019077445809,0.03940385015116497,0.7852888102693075,-1.004560947418213,0.1998195946216583,0
1.291671184352569,0.1886501714640824,3.330117973064162e-16,1.983295421432983,0.1460512348261764,2.5781468328825e-16,0.7878076504746934,-1.02424144744873,1.254334033897451e-16,0
1.288625944387886,0.1963890522938765,-0.05077682361356311,1.979187459962549,0.1524019077445812,-0.03940385015116449,0.7852888102693079,-1.004560947418213,-0.1998195946216583,0
1.279680197606585,0.218635787867262,-0.0958614266122545,1.967049658725522,0.1708518958691254,-0.07491045559003438,0.7779127910896094,-0.9462757110595703,-0.3919602334499359,0
1.265416238242619,0.2525472263489888,-0.1301458650036132,1.94746346927625,0.1995764071272869,-0.1028482653141521,0.766227838806875,-0.8516256809234619,-0.5690380930900574,0
1.246835688861021,0.2936177384793726,-0.1496800283571287,1.921462009829885,0.235490322503995,-0.1200479178566509,0.7511622215966745,-0.7242481112480164,-0.7242481112480164,0
1.225369400079709,0.3360576027583956,-0.1521974604951597,1.890577516606684,0.2742500365494157,-0.1242053706296726,0.7340174962768947,-0.5690380930900574,-0.8516256809234619,0
1.202816905304591,0.3733494414011714,-0.1375170396990917,1.856809183574047,0.3103959046091289,-0.1143291544146264,0.716402004536533,-0.3919602334499359,-0.9462757110595703,0
1.181157074294862,0.3989558604242048,-0.1077216226565306,1.822434482430743,0.3377669821453486,-0.09120008252995418,0.7000581254000531,-0.1998195946216583,-1.004560947418213,0
1.162222878262952,0.4071314039078018,-0.06705085142978094,1.789658385197061,0.3503040694882007,-0.05769190461126917,0.6865657382927965,-1.881501050846176e-16,-1.02424144744873,0
1.147366601330799,0.3938668571796768,-0.02153099081963673,1.760278063241338,0.3432789979443725,-0.01876557221960578,0.6769891730126703,0.1998195946216583,-1.004560947418213,0
1.137345105766429,0.3580864531752547,0.02167132604562006,1.735667647748966,0.3148441500822645,0.01905430984469422,0.6716361876661556,0.3919602334499359,-0.9462757110595703,0
1.132467934726699,0.3028605076206165,0.0554129975481672,1.717069488164148,0.2674340688451426,0.04893118458275832,0.6700864669742993,0.5690380930900574,-0.8516256809234619,0
1.132657389809091,0.2356232239998847,0.07427889183825498,1.705583642103616,0.2080269162765969,0.06557931154342676,0.6714560305852849,0.7242481112480164,-0.7242481112480164,0
1.137112166585746,0.1667096948897951,0.07595514904478912,1.701410236871125,0.1466079598729049,0.06679653184333559,0.6746611929903175,0.8516256809234619,-0.5690380930900574,0
1.143860665589711,0.1071077912689193,0.06139438945562509,1.702879862258461,0.09363709627492132,0.05367296149131377,0.6784870486506092,0.9462757110595703,-0.3919602334499359,0
1.149898974951592,0.06661145399412612,0.03419055001828289,1.706418473976048,0.05792809233257236,0.02973352508616875,0.6815923335836079,1.004560947418213,-0.1998195946216583,0
1.167689301855641,0.09084880571119265,-2.387124663217415e-16,1.735779780948135,0.0778022078020409,-2.044314921292762e-16,0.6928982648471522,1.225350856781006,0,0
1.165234168427524,0.1088914086637231,-0.044664461661962,1.734698346399954,0.09345023653972605,-0.03833088907977734,0.6915017472754734,1.20180606842041,0.2390540838241577,0
1.159384672996598,0.1584508276399902,-0.07803250346063292,1.733348063876837,0.136668037218787,-0.06730510181659256,0.6879577957108004,1.132076501846313,0.4689214527606964,0
1.15354606605513,0.2277240114696438,-0.09244236624161502,1.735698398449549,0.1974121521201221,-0.080137559272121,0.6838066408203011,1.018841981887817,0.6807684302330017,0
1.150738758689862,0.3018035378539751,-0.08541692851653018,1.744453724470003,0.2622693774541707,-0.07422790609206473,0.680682660640996,0.8664538860321045,0.8664538860321045,0
1.152251413843218,0.3667763005926487,-0.05946049483797808,1.759358047406485,0.3183127364272901,-0.05160375081654584,0.6797796284711195,0.6807684302330017,1.018841981887817,0
1.157973915357278,0.4130068637101679,-0.02078069176622434,1.778346762826546,0.3566633567758217,-0.01794573391561478,0.6818032373011501,0.4689214527606964,1.132076501846313,0
1.167453564994575,0.4366768934414784,0.02298434892661929,1.799734249684887,0.3740421945120426,0.01968759153750676,0.68713608187616,0.2390540838241577,1.20180606842041,0
1.180375051291002,0.4388123077489828,0.06488790735795846,1.823000961700971,0.3717566779042342,0.05497227960468087,0.6958606962926893,7.503109829262708e-17,1.225350856781006,0
1.196259406883509,0.4231347833407019,0.09948311404209614,1.847967189234044,0.3537149057352463,0.0831618238232034,0.707598420252415,-0.2390540838241577,1.20180606842041,0
1.214109763926565,0.3945454521262856,0.1228145750664335,1.873885150422821,0.3249668718998537,0.1011560723053883,0.7214265318820547,-0.4689214527606964,1.132076501846313,0
1.232472962876829,0.3584331292840831,0.1324576398685723,1.899331871097151,0.290824334553702,0.1074730593354281,0.7360374076198464,-0.6807684302330017,1.018841981887817,0
1.249770057180471,0.3202169876311048,0.1276547267052227,1.922620727819551,0.256220722997258,0.10214257092478,0.7500312491151772,-0.8664538860321045,0.8664538860321045,0
1.264600722332986,0.2848811926938899,0.1092856038212248,1.942220275074611,0.2252736280019908,0.08641905851485709,0.7621639942660156,-1.018841981887817,0.6807684302330017,0
1.2758952973532,0.2565742129753819,0.07960988790844346,1.95696592768718,0.2010934702147081,0.06239531415594318,0.7714738345107133,-1.132076501846313,0.4689214527606964,0
1.282937742410537,0.238354108597139,0.04188828474505174,1.966091582487123,0.1857877437990801,0.03265028641713122,0.7773064456836589,-1.20180606842041,0.2390540838241577,0
1.285327760143884,0.2320744810104506,3.139873579016953e-16,1.969177479746472,0.1805566550468586,2.442858293720712e-16,0.7792904734959922,-1.225350856781006,1.500621965852542e-16,0
1.282937742410537,0.2383541085971397,-0.04188828474505155,1.966091582487124,0.1857877437990805,-0.03265028641713105,0.7773064456836591,-1.20180606842041,-0.2390540838241577,0
1.275895297353201,0.2565742129753825,-0.07960988790844335,1.95696592768718,0.2010934702147084,-0.06239531415594306,0.7714738345107133,-1.132076501846313,-0.4689214527606964,0
1.264600722332986,0.2848811926938905,-0.1092856038212245,1.942220275074612,0.2252736280019913,-0.08641905851485684,0.7621639942660159,-1.018841981887817,-0.6807684302330017,0
1.249770057180471,0.3202169876311038,-0.1276547267052231,1.922620727819551,0.2562207229972572,-0.1021425709247804,0.750031249115177,-0.8664538860321045,-0.8664538860321045,0
1.232472962876829,0.3584331292840831,-0.1324576398685716,1.899331871097152,0.2908243345537019,-0.1074730593354276,0.7360374076198469,-0.6807684302330017,-1.018841981887817,0
1.214109763926566,0.3945454521262858,-0.1228145750664333,1.873885150422821,0.3249668718998537,-0.1011560723053881,0.721426531882055,-0.4689214527606964,-1.132076501846313,0
1.196259406883509,0.4231347833407019,-0.09948311404209563,1.847967189234044,0.3537149057352463,-0.08316182382320297,0.707598420252415,-0.2390540838241577,-1.20180606842041,0
1.180375051291002,0.438812307748983,-0.06488790735795873,1.823000961700972,0.3717566779042343,-0.0549722796046811,0.6958606962926894,-2.250932882604363e-16,-1.225350856781006,0
1.167453564994575,0.4366768934414785,-0.02298434892662001,1.799734249684887,0.3740421945120426,-0.01968759153750737,0.68713608187616,0.2390540838241577,-1.20180606842041,0
1.157973915357278,0.4130068637101678,0.02078069176622408,1.778346762826547,0.3566633567758214,0.01794573391561455,0.6818032373011503,0.4689214527606964,-1.132076501846313,0
1.152251413843219,0.3667763005926483,0.05946049483797831,1.759358047406485,0.3183127364272896,0.05160375081654602,0.6797796284711198,0.6807684302330017,-1.018841981887817,0
1.150738758689863,0.3018035378539753,0.08541692851652978,1.744453724470003,0.2622693774541706,0.07422790609206432,0.6806826606409961,0.8664538860321045,-0.8664538860321045,0
1.153546066055131,0.227724011469644,0.09244236624161475,1.735698398449549,0.1974121521201221,0.08013755927212071,0.6838066408203013,1.018841981887817,-0.6807684302330017,0
1.159384672996599,0.1584508276399899,0.07803250346063294,1.733348063876837,0.1366680372187866,0.06730510181659252,0.6879577957108004,1.132076501846313,-0.4689214527606964,0
1.165234168427524,0.108891408663723,0.0446644616619618,1.734698346399954,0.09345023653972599,0.03833088907977716,0.6915017472754734,1.20180606842041,-0.2390540838241577,0
1.177538515948463,0.1331187750059524,-2.553677678074984e-16,1.751873617587219,0.1130483404177487,-2.168657452379036e-16,0.6977396757163142,1.465947866439819,0,0
1.175939177882654,0.1539051630020213,-0.05343298232532327,1.753183909149117,0.1308785062158881,-0.04543855951932176,0.6967594045435865,1.437780141830444,0.2859922349452972,0
1.17248712340051,0.2093199075656005,-0.09067049181963686,1.758180204075811,0.1785264020286377,-0.07733175913836002,0.6943959139093232,1.354359269142151,0.5609939694404602,0
1.169856292766897,0.2821302285115859,-0.1026987680373529,1.768240433213706,0.241166569138422,-0.08778750746765138,0.6918849636602075,1.218891143798828,0.8144369721412659,0
1.169707780719825,0.3529533791515417,-0.09003397498263296,1.782360434592195,0.3017449186619397,-0.07697133973685893,0.6902577889649206,1.036581635475159,1.036581635475159,0
1.17212917591491,0.4077146915267241,-0.05987994861292029,1.797704183538586,0.3478410911565961,-0.05108647565758336,0.69010587767175,0.8144369721412659,1.218891143798828,0
1.176880643807503,0.4406693098937124,-0.02120504614296672,1.812602983900303,0.3744384039387689,-0.01801800909424688,0.6919640764049917,0.5609939694404602,1.354359269142151,0
1.184269550759965,0.4525472947721991,0.01870185959441144,1.827780729207905,0.3821320023653332,0.01579189432204024,0.6964666633418308,0.2859922349452972,1.437780141830444,0
1.194701816208267,0.4469033377705787,0.05476014498479442,1.844760151821352,0.3740710290279428,0.04583582634752462,0.7039673471421106,8.976341661276802e-17,1.465947866439819,0
1.207930977531824,0.4279472897601946,0.08325959137317553,1.864058567991451,0.35428124430969,0.06892744115504067,0.7141529134165467,-0.2859922349452972,1.437780141830444,0
1.222927333585576,0.400072837029078,0.1015086297196085,1.884836986397793,0.3271435890275507,0.08300462908289828,0.7260734045717739,-0.5609939694404602,1.354359269142151,0
1.238258171681668,0.3677608079102101,0.1080613506580676,1.905514967546594,0.2969984905577141,0.08726883708856158,0.7384750283702841,-0.8144369721412659,1.218891143798828,0
1.252521311167986,0.3352727292504692,0.1028762877247987,1.924452755995153,0.2676782632447386,0.08213535914120755,0.7501421018543653,-1.036581635475159,1.036581635475159,0
1.264592632116032,0.3062794651520831,0.08715449172844693,1.940324374646117,0.2421961486835395,0.06891902539603766,0.7600924879565466,-1.218891143798828,0.8144369721412659,0
1.27368638191581,0.2836281182749506,0.0629835170313558,1.952208396595615,0.2226828537244251,0.04944978444114272,0.7676286306153459,-1.354359269142151,0.5609939694404602,0
1.279313903708948,0.2692842786070626,0.03297537546020472,1.959536643139337,0.210491168607143,0.02577582825028596,0.7723082712345583,-1.437780141830444,0.2859922349452972,0
1.281216445679616,0.2643804338287785,2.138201664699924e-16,1.962010151628784,0.2063511085268179,1.668884029634605e-16,0.7738930215328396,-1.465947866439819,1.79526833225536e-16,0
1.279313903708949,0.2692842786070635,-0.03297537546020484,1.959536643139338,0.2104911686071436,-0.02577582825028604,0.7723082712345586,-1.437780141830444,-0.2859922349452972,0
1.273686381915811,0.2836281182749511,-0.0629835170313555,1.952208396595615,0.2226828537244254,-0.04944978444114247,0.7676286306153458,-1.354359269142151,-0.5609939694404602,0
1.264592632116033,0.3062794651520841,-0.08715449172844657,1.940324374646119,0.2421961486835401,-0.06891902539603732,0.7600924879565474,-1.218891143798828,-0.8144369721412659,0
1.252521311167986,0.3352727292504682,-0.1028762877247996,1.924452755995153,0.2676782632447378,-0.08213535914120829,0.7501421018543654,-1.036581635475159,-1.036581635475159,0
1.238258171681668,0.3677608079102102,-0.1080613506580667,1.905514967546594,0.2969984905577141,-0.08726883708856081,0.7384750283702844,-0.8144369721412659,-1.218891143798828,0
1.222927333585576,0.4000728370290781,-0.1015086297196084,1.884836986397793,0.3271435890275508,-0.08300462908289818,0.7260734045717742,-0.5609939694404602,-1.354359269142151,0
1.207930977531824,0.4279472897601945,-0.08325959137317515,1.864058567991452,0.3542812443096899,-0.06892744115504036,0.7141529134165471,-0.2859922349452972,-1.437780141830444,0
1.194701816208267,0.4469033377705788,-0.05476014498479471,1.844760151821352,0.3740710290279429,-0.04583582634752487,0.7039673471421107,-2.692902498383041e-16,-1.465947866439819,0
1.184269550759965,0.4525472947721995,-0.01870185959441241,1.827780729207905,0.3821320023653334,-0.01579189432204105,0.6964666633418309,0.2859922349452972,-1.437780141830444,0
1.176880643807505,0.4406693098937127,0.02120504614296643,1.812602983900304,0.3744384039387688,0.01801800909424661,0.6919640764049918,0.5609939694404602,-1.354359269142151,0
1.172129175914911,0.4077146915267237,0.05987994861292038,1.797704183538587,0.3478410911565956,0.05108647565758341,0.6901058776717504,0.8144369721412659,-1.218891143798828,0
1.169707780719826,0.3529533791515417,0.09003397498263249,1.782360434592195,0.3017449186619395,0.07697133973685846,0.6902577889649206,1.036581635475159,-1.036581635475159,0
1.169856292766898,0.2821302285115856,0.1026987680373525,1.768240433213707,0.2411665691384216,0.08778750746765099,0.6918849636602077,1.218891143798828,-0.8144369721412659,0
1.172487123400511,0.2093199075656003,0.09067049181963673,1.758180204075811,0.1785264020286376,0.07733175913835988,0.694395913909323,1.354359269142151,-0.5609939694404602,0
1.175939177882654,0.1539051630020213,0.05343298232532281,1.753183909149117,0.1308785062158881,0.04543855951932137,0.6967594045435864,1.437780141830444,-0.2859922349452972,0
1.199792486472352,0.1961971257198121,-4.298722647559642e-16,1.797884373129675,0.1635258829605392,-3.582888454485002e-16,0.7127370876083396,1.753786087036133,0,0
1.198499422767955,0.2155664279014136,-0.05272250129004707,1.79971124849692,0.1798636059444729,-0.04399042693594592,0.7116661313220085,1.72008752822876,0.3421466946601868,0
1.195374330523678,0.2658071072496212,-0.08807703335539167,1.804815004636781,0.2223630711002256,-0.07368154987635235,0.7088069344518266,1.62028706073761,0.6711448431015015,0
1.191985960454262,0.3283928927177808,-0.09776362161739993,1.811957237762845,0.2755006381053611,-0.08201742710135829,0.7050847406647014,1.458219766616821,0.9743513464927673,0
1.189706671308561,0.384890775156896,-0.08430455112135121,1.819637848793148,0.3235173714992737,-0.07086162762172665,0.7017565775969684,1.240113973617554,1.240113973617554,0
1.189571477582287,0.4247028887558929,-0.05600287048809491,1.827542503442212,0.3570217483854515,-0.04707818869524048,0.7001640650584261,0.9743513464927673,1.458219766616821,0
1.192383590963831,0.445518660129836,-0.02130264804855293,1.836718572663855,0.3736370271329488,-0.01786559980361144,0.7013188586079503,0.6711448431015015,1.62028706073761,0
1.198419036295188,0.4494967718494208,0.01342094440942687,1.848126156961446,0.375074792902992,0.01119887451964765,0.7055014211677061,0.3421466946601868,1.72008752822876,0
1.207267845735503,0.4401545612483675,0.04365095322632048,1.861749880306864,0.3645873306434434,0.03615680926193063,0.7122893409735487,1.073884252396763e-16,1.753786087036133,0
1.218083834298753,0.4212963044969045,0.06634304521149664,1.876913555015241,0.3458680696960759,0.05446508962963958,0.7209001581040602,-0.3421466946601868,1.72008752822876,0
1.229875894368198,0.3967368279643188,0.07985138179347244,1.892732699381707,0.3225828148848525,0.06492637359519357,0.7304600910767561,-0.6711448431015015,1.62028706073761,0
1.241663321759698,0.370041112231055,0.08380083425906525,1.908268420702228,0.2980204905357347,0.06749078658480612,0.7401202446796721,-0.9743513464927673,1.458219766616821,0
1.252556885759772,0.3442763729795909,0.07880641425465613,1.922575616892296,0.2748588721946636,0.06291643529375834,0.7491131199041932,-1.240113973617554,1.240113973617554,0
1.261807633141899,0.3218841543320358,0.06614904684539318,1.934763654165344,0.2550976439495335,0.0524240344629095,0.7567895238048772,-1.458219766616821,0.9743513464927673,0
1.268830077142879,0.3046734476724041,0.04750873856834898,1.944064480807407,0.2401215522558075,0.03744294797560915,0.7626382866403971,-1.62028706073761,0.6711448431015015,0
1.27320840133299,0.2938741505748334,0.02478695514823149,1.949890310465515,0.2308138638318447,0.01946810523892294,0.7662935675410347,-1.72008752822876,0.3421466946601868,0
1.274695179382876,0.2901969719986421,4.729761170803407e-17,1.951873823150236,0.2276598960224644,3.710503693199222e-17,0.7675362867658455,-1.753786087036133,2.147768504793526e-16,0
1.273208401332991,0.2938741505748347,-0.02478695514823174,1.949890310465516,0.2308138638318455,-0.01946810523892312,0.7662935675410351,-1.72008752822876,-0.3421466946601868,0
1.26883007714288,0.3046734476724043,-0.04750873856834895,1.944064480807406,0.2401215522558075,-0.03744294797560912,0.762638286640397,-1.62028706073761,-0.6711448431015015,0
1.261807633141899,0.3218841543320367,-0.06614904684539261,1.934763654165345,0.2550976439495342,-0.05242403446290903,0.7567895238048774,-1.458219766616821,-0.9743513464927673,0
1.25255688575977,0.3442763729795904,-0.07880641425465751,1.922575616892295,0.2748588721946634,-0.0629164352937595,0.7491131199041927,-1.240113973617554,-1.240113973617554,0
1.241663321759698,0.3700411122310556,-0.08380083425906479,1.908268420702229,0.2980204905357351,-0.06749078658480576,0.7401202446796725,-0.9743513464927673,-1.458219766616821,0
1.229875894368198,0.3967368279643191,-0.07985138179347238,1.892732699381707,0.3225828148848527,-0.06492637359519352,0.7304600910767562,-0.6711448431015015,-1.62028706073761,0
1.218083834298753,0.4212963044969049,-0.06634304521149648,1.876913555015242,0.3458680696960761,-0.05446508962963945,0.7209001581040604,-0.3421466946601868,-1.72008752822876,0
1.207267845735503,0.4401545612483677,-0.04365095322632081,1.861749880306864,0.3645873306434435,-0.0361568092619309,0.7122893409735488,-3.221652757190289e-16,-1.753786087036133,0
1.198419036295188,0.4494967718494215,-0.0134209444094279,1.848126156961446,0.3750747929029924,-0.0111988745196485,0.7055014211677062,0.3421466946601868,-1.72008752822876,0
1.192383590963832,0.4455186601298363,0.02130264804855251,1.836718572663856,0.3736370271329488,0.01786559980361108,0.7013188586079505,0.6711448431015015,-1.62028706073761,0
1.189571477582287,0.4247028887558927,0.05600287048809492,1.827542503442213,0.3570217483854512,0.04707818869524046,0.7001640650584262,0.9743513464927673,-1.458219766616821,0
1.189706671308562,0.3848907751568961,0.08430455112135113,1.819637848793148,0.3235173714992736,0.07086162762172654,0.7017565775969684,1.240113973617554,-1.240113973617554,0
1.191985960454262,0.328392892717781,0.09776362161739989,1.811957237762845,0.2755006381053612,0.08201742710135822,0.7050847406647014,1.458219766616821,-0.9743513464927673,0
1.195374330523677,0.2658071072496213,0.08807703335539174,1.804815004636781,0.2223630711002258,0.07368154987635243,0.7088069344518264,1.62028706073761,-0.6711448431015015,0
1.198499422767955,0.2155664279014137,0.05272250129004662,1.79971124849692,0.1798636059444729,0.04399042693594554,0.7116661313220084,1.72008752822876,-0.3421466946601868,0
1.205373267390434,0.2396785207144782,-2.089864339901844e-16,1.807868034575165,0.198841742386878,-1.733790184700448e-16,0.713615594895751,2.098141193389893,0,0
1.203922095954522,0.2555689303851633,-0.04943592963653063,1.808895763035218,0.2122802889355869,-0.04106239913915334,0.712301864362153,2.057826042175293,0.4093270301818848,0
1.20063894716994,0.2964807603279734,-0.08226762376831834,1.812380329995495,0.2469358178216829,-0.06851986932643964,0.7091823948281211,1.938429713249207,0.802923858165741,0
1.197827069880772,0.3466456435773996,-0.0906019196297556,1.818930965459952,0.289395399631354,-0.07563856411992247,0.7061382554518102,1.744540572166443,1.165664792060852,0
1.19724993733975,0.3907005573942206,-0.0772405670688702,1.828274067627361,0.3263316582520309,-0.06451498944363798,0.7048134000222411,1.483609795570374,1.483609795570374,0
1.199122055527321,0.4202035601196686,-0.05107505130477702,1.838784670787145,0.3504260122501721,-0.04259370517734031,0.7056287215982073,1.165664792060852,1.744540572166443,0
1.202554426098253,0.4339146625622886,-0.02118404988627532,1.848351660979175,0.3608274628950858,-0.01761587619365221,0.7079523639105894,0.802923858165741,1.938429713249207,0
1.206843934741045,0.4345728761244969,0.006418583458207027,1.856201044358086,0.3600903676230051,0.005318486735059306,0.7111764889685069,0.4093270301818848,2.057826042175293,0
1.212190964425081,0.4258444824072996,0.02898941202053448,1.863653595470324,0.3513014821136448,0.02391488871910837,0.7154028229117085,1.284740928517104e-16,2.098141193389893,0
1.219212088150755,0.410855437389086,0.04566822894684786,1.872806655498213,0.3369843863771502,0.03745716548473149,0.7210901682258186,-0.4093270301818848,2.057826042175293,0
1.228097258018296,0.3920378931158195,0.05616220930768004,1.884786459825796,0.319223815993553,0.04573107621647612,0.7283713458245504,-0.802923858165741,1.938429713249207,0
1.238302049738792,0.3714775575989714,0.0602594014091739,1.899164161198026,0.2999894554622849,0.04866292632067035,0.7367913146729149,-1.165664792060852,1.744540572166443,0
1.248772039547728,0.3511678295404519,0.05793546790676404,1.91440850598593,0.2812105159462375,0.04639395027434048,0.7454754140451766,-1.483609795570374,1.483609795570374,0
1.258316209679753,0.3330227162485135,0.0495876744922339,1.928611201492832,0.2646574157486768,0.03940795970899413,0.7534262644878551,-1.744540572166443,1.165664792060852,0
1.265889114117191,0.318737003408252,0.03614784202182054,1.940035786751481,0.251789038908462,0.02855529889521912,0.7597569754633772,-1.938429713249207,0.802923858165741,0
1.270729328334601,0.3096211735783102,0.01903360936142557,1.947395937826154,0.2436562741367552,0.01497849222254966,0.7638131278669164,-2.057826042175293,0.4093270301818848,0
1.27239102757315,0.3064908788775056,-3.379127762613819e-17,1.949931935964039,0.240877900138985,-2.655730580762487e-17,0.7652073985224626,-2.098141193389893,2.569481857034209e-16,0
1.270729328334601,0.3096211735783112,-0.0190336093614257,1.947395937826155,0.2436562741367559,-0.01497849222254976,0.7638131278669165,-2.057826042175293,-0.4093270301818848,0
1.265889114117192,0.3187370034082522,-0.03614784202182073,1.940035786751483,0.2517890389084619,-0.02855529889521924,0.7597569754633778,-1.938429713249207,-0.802923858165741,0
1.258316209679753,0.3330227162485144,-0.04958767449223365,1.928611201492833,0.2646574157486774,-0.03940795970899391,0.7534262644878553,-1.744540572166443,-1.165664792060852,0
1.248772039547728,0.3511678295404507,-0.05793546790676546,1.914408505985929,0.2812105159462366,-0.04639395027434164,0.7454754140451761,-1.483609795570374,-1.483609795570374,0
1.238302049738792,0.3714775575989722,-0.06025940140917313,1.899164161198027,0.2999894554622854,-0.04866292632066972,0.7367913146729155,-1.165664792060852,-1.744540572166443,0
1.228097258018297,0.3920378931158202,-0.05616220930767983,1.884786459825796,0.3192238159935534,-0.04573107621647594,0.7283713458245504,-0.802923858165741,-1.938429713249207,0
1.219212088150755,0.4108554373890866,-0.04566822894684795,1.872806655498214,0.3369843863771505,-0.03745716548473155,0.721090168225819,-0.4093270301818848,-2.057826042175293,0
1.212190964425082,0.4258444824073001,-0.02898941202053476,1.863653595470325,0.3513014821136449,-0.02391488871910858,0.7154028229117088,-3.854222785551313e-16,-2.098141193389893,0
1.206843934741046,0.4345728761244974,-0.006418583458207981,1.856201044358086,0.3600903676230051,-0.00531848673506009,0.711176488968507,0.4093270301818848,-2.057826042175293,0
1.202554426098255,0.4339146625622889,0.02118404988627482,1.848351660979175,0.3608274628950856,0.01761587619365178,0.7079523639105894,0.802923858165741,-1.938429713249207,0
1.199122055527322,0.4202035601196685,0.05107505130477736,1.838784670787145,0.3504260122501717,0.04259370517734056,0.7056287215982073,1.165664792060852,-1.744540572166443,0
1.19724993733975,0.3907005573942213,0.07724056706887047,1.828274067627362,0.3263316582520313,0.06451498944363819,0.7048134000222412,1.483609795570374,-1.483609795570374,0
1.197827069880772,0.3466456435773998,0.09060191962975615,1.818930965459952,0.289395399631354,0.07563856411992292,0.7061382554518101,1.744540572166443,-1.165664792060852,0
1.20063894716994,0.2964807603279737,0.08226762376831849,1.812380329995495,0.246935817821683,0.06851986932643973,0.7091823948281211,1.938429713249207,-0.802923858165741,0
1.203922095954521,0.2555689303851642,0.04943592963653046,1.808895763035218,0.2122802889355877,0.04106239913915321,0.7123018643621529,2.057826042175293,-0.4093270301818848,0
1.20288627120848,0.2736073962381959,2.707613607788134e-17,1.804663188547647,0.2274590730537777,2.250930676154388e-17,0.7094183784732593,2.510110139846802,0,0
1.203369489704561,0.2862536706113604,-0.03866450601218368,1.808901203710157,0.2378767893489127,-0.03213020301991885,0.7096934009776213,2.461879253387451,0.489698201417923,0
1.204948709363137,0.3184502491126147,-0.06324170960846209,1.820359038039877,0.2642853149167887,-0.05248498057804291,0.7106474223614349,2.319039344787598,0.9605776071548462,0
1.207397916800687,0.3568451224987661,-0.06792982044762746,1.835109181562763,0.2955488969571188,-0.05626133646778612,0.7121862716604177,2.087080478668213,1.394542455673218,0
1.209495923779548,0.3889069256932708,-0.05685374102089728,1.847498631984442,0.3215446352873828,-0.04700614520736483,0.7134547706360189,1.774915933609009,1.774915933609009,0
1.209966544187216,0.4089949205503752,-0.03850834698350328,1.853519045088113,0.3380216771407624,-0.03182596012137749,0.7135126752148598,1.394542455673218,2.087080478668213,0
1.209241146396091,0.4179214406124854,-0.0190316740335855,1.854180275801407,0.3456063679755021,-0.01573852667047075,0.7127249419808566,0.9605776071548462,2.319039344787598,0
1.209740225977699,0.4185563225214445,-0.0002723609669809119,1.854996238949395,0.3459885961741677,-0.0002251400434012952,0.7130353404260827,0.489698201417923,2.461879253387451,0
1.214108872589809,0.4127219473153708,0.01769165669043153,1.861738761791127,0.3399381691651721,0.01457172177046492,0.716583956507726,1.536999251610256e-16,2.510110139846802,0
1.223351220399164,0.4011768442621845,0.03397228674582146,1.876747407443248,0.3279326799799044,0.02776985560592872,0.7241984823408365,-0.489698201417923,2.461879253387451,0
1.236489127925214,0.3848652468393879,0.04655635154386612,1.898503853215785,0.3112564746001274,0.0376520508692107,0.735092592877524,-0.9605776071548462,2.319039344787598,0
1.251422425005291,0.3655888731489994,0.05338052343438063,1.923393877406298,0.2921386622486437,0.04265587891646974,0.7475416234667488,-1.394542455673218,2.087080478668213,0
1.265946879517856,0.3457853495812142,0.0533292561694276,1.947616882380252,0.2731436485809806,0.04212598256076779,0.7597076290869341,-1.774915933609009,1.774915933609009,0
1.278366426278953,0.3279105619190251,0.04655502563693022,1.968285567387625,0.2565074889157575,0.03641759098167321,0.7701528396133318,-2.087080478668213,1.394542455673218,0
1.287655002249013,0.3139252467545854,0.03422840519732737,1.983696049854017,0.2437960837384897,0.02658196887950901,0.7779896991121754,-2.319039344787598,0.9605776071548462,0
1.293331506572236,0.3051016175760176,0.01807468585009741,1.993087268548183,0.2359036457595003,0.01397529230382813,0.7827894708330017,-2.461879253387451,0.489698201417923,0
1.295233845557924,0.3020955892951228,1.694521704113217e-16,1.996229273413848,0.2332363305137342,1.308274725776101e-16,0.7843997760232236,-2.510110139846802,3.073998503220511e-16,0
1.293331506572236,0.3051016175760182,-0.01807468585009751,1.993087268548184,0.2359036457595007,-0.0139752923038282,0.782789470833002,-2.461879253387451,-0.489698201417923,0
1.287655002249013,0.3139252467545855,-0.03422840519732735,1.983696049854018,0.2437960837384897,-0.02658196887950899,0.7779896991121756,-2.319039344787598,-0.9605776071548462,0
1.278366426278954,0.3279105619190267,-0.04655502563692945,1.968285567387626,0.2565074889157585,-0.03641759098167259,0.7701528396133319,-2.087080478668213,-1.394542455673218,0
1.265946879517854,0.3457853495812137,-0.05332925616942816,1.94761688238025,0.2731436485809806,-0.04212598256076829,0.7597076290869332,-1.774915933609009,-1.774915933609009,0
1.251422425005292,0.3655888731490003,-0.05338052343437978,1.9233938774063,0.2921386622486442,-0.04265587891646903,0.7475416234667495,-1.394542455673218,-2.087080478668213,0
1.236489127925213,0.3848652468393885,-0.04655635154386576,1.898503853215785,0.311256474600128,-0.03765205086921042,0.7350925928775242,-0.9605776071548462,-2.319039344787598,0
1.223351220399164,0.4011768442621853,-0.03397228674582138,1.87674740744325,0.3279326799799049,-0.02776985560592865,0.7241984823408371,-0.489698201417923,-2.461879253387451,0
1.214108872589809,0.4127219473153712,-0.01769165669043208,1.861738761791127,0.3399381691651722,-0.01457172177046536,0.7165839565077259,-4.610997490132971e-16,-2.510110139846802,0
1.2097402259777,0.4185563225214449,0.0002723609669796776,1.854996238949395,0.3459885961741678,0.0002251400434002748,0.7130353404260826,0.489698201417923,-2.461879253387451,0
1.209241146396091,0.4179214406124855,0.0190316740335851,1.854180275801407,0.345606367975502,0.01573852667047041,0.7127249419808563,0.9605776071548462,-2.319039344787598,0
1.209966544187217,0.4089949205503749,0.03850834698350383,1.853519045088114,0.3380216771407619,0.03182596012137792,0.7135126752148599,1.394542455673218,-2.087080478668213,0
1.209495923779548,0.3889069256932708,0.05685374102089754,1.847498631984443,0.3215446352873827,0.04700614520736502,0.7134547706360193,1.774915933609009,-1.774915933609009,0
1.207397916800687,0.3568451224987669,0.0679298204476278,1.835109181562764,0.2955488969571193,0.05626133646778637,0.7121862716604179,2.087080478668213,-1.394542455673218,0
1.204948709363136,0.3184502491126142,0.06324170960846259,1.820359038039875,0.2642853149167884,0.05248498057804334,0.7106474223614343,2.319039344787598,-0.9605776071548462,0
1.203369489704561,0.2862536706113606,0.03866450601218342,1.808901203710158,0.2378767893489129,0.03213020301991863,0.7096934009776216,2.461879253387451,-0.489698201417923,0
1.228892278656594,0.3284337818142585,1.51125573658641e-16,1.868305417874815,0.267260025568146,1.229770715329493e-16,0.7297667229649017,3.002969264984131,0,0
1.228761692106922,0.3352582004906847,-0.021970021411878,1.869814668451854,0.2728423278852608,-0.01787980659960731,0.7295527778610744,2.945267915725708,0.5858502388000488,0
1.227816276458562,0.3522437456498291,-0.0366565552335888,1.872342139712662,0.2868863627266934,-0.02985508168967976,0.7285071935983314,2.774381875991821,1.149186611175537,0
1.224908980100421,0.3718279207755485,-0.04153807483398125,1.87165736057268,0.3035555513235482,-0.03391115218256939,0.7258071375359568,2.496877670288086,1.668360352516174,0
1.219747233039833,0.3880674822996937,-0.03866661760491277,1.865640619104832,0.3181540173143568,-0.03170051676079519,0.7213180515934963,2.123419761657715,2.123419761657715,0
1.214261682282548,0.3992519239222191,-0.03050983731022226,1.857667904045562,0.328802209398317,-0.02512624564819536,0.7166588591464055,1.668360352516174,2.496877670288086,0
1.212116977215147,0.4056676781130678,-0.01755584739812383,1.855066484704719,0.334677003736961,-0.014483624706304,0.7148222108161024,1.149186611175537,2.774381875991821,0
1.216313466625117,0.4067965017766415,-8.296321351143719e-05,1.863676301951071,0.3344503805465317,-6.820874370620408e-05,0.7182598706838259,0.5858502388000488,2.945267915725708,0
1.227203184813436,0.4014805549900516,0.01956377812848698,1.884004323205439,0.327150841815234,0.01594175958031036,0.7272704127652058,1.838788355689694e-16,3.002969264984131,0
1.242607086181744,0.3896587007439283,0.03733412713375505,1.91184478936249,0.3135815859068235,0.03004499777035276,0.7400756163233629,-0.5858502388000488,2.945267915725708,0
1.259344310562726,0.3731152863621242,0.04948912773993241,1.941377160024494,0.2962774224909162,0.0392975354911626,0.7540527767919745,-1.149186611175537,2.774381875991821,0
1.274691809822393,0.3547826714432367,0.05412946167065242,1.96784536933443,0.2783281956543439,0.04246474422566068,0.7669292248263437,-1.668360352516174,2.496877670288086,0
1.287067811086306,0.3375341367212691,0.05141663823084024,1.988685120528012,0.2622504687118116,0.03994866299037016,0.7773595459083705,-2.123419761657715,2.123419761657715,0
1.296009851725103,0.3233522438145289,0.04285868516663065,2.003363626132472,0.2494982915323665,0.03306972173828922,0.7849268190155066,-2.496877670288086,1.668360352516174,0
1.301785888405822,0.3131617333555384,0.03037824921236368,2.012601868249866,0.2405631649141924,0.02333582617765594,0.7898319314501016,-2.774381875991821,1.149186611175537,0
1.304938802764825,0.3071383561764424,0.01567096953552015,2.017530231471696,0.2353660995639768,0.01200896892813475,0.7925164627674851,-2.945267915725708,0.5858502388000488,0
1.305931114208987,0.3051579888176819,1.237973956480598e-16,2.019059691794014,0.2336708157861133,9.479626781313416e-17,0.79336257347947,-3.002969264984131,3.677576711379389e-16,0
1.304938802764826,0.3071383561764435,-0.01567096953551993,2.017530231471697,0.2353660995639774,-0.01200896892813457,0.7925164627674856,-2.945267915725708,-0.5858502388000488,0
1.301785888405822,0.313161733355537,-0.03037824921236363,2.012601868249866,0.2405631649141914,-0.0233358261776559,0.7898319314501018,-2.774381875991821,-1.149186611175537,0
1.296009851725104,0.3233522438145298,-0.04285868516662933,2.003363626132474,0.2494982915323671,-0.0330697217382882,0.7849268190155073,-2.496877670288086,-1.668360352516174,0
1.287067811086305,0.3375341367212685,-0.0514166382308414,1.988685120528011,0.2622504687118113,-0.03994866299037109,0.7773595459083704,-2.123419761657715,-2.123419761657715,0
1.274691809822392,0.3547826714432383,-0.05412946167065067,1.96784536933443,0.2783281956543452,-0.04246474422565932,0.766929224826344,-1.668360352516174,-2.496877670288086,0
1.259344310562725,0.3731152863621248,-0.04948912773993271,1.941377160024494,0.2962774224909169,-0.03929753549116288,0.7540527767919741,-1.149186611175537,-2.774381875991821,0
1.242607086181745,0.3896587007439287,-0.03733412713375499,1.911844789362489,0.3135815859068238,-0.03004499777035271,0.7400756163233627,-0.5858502388000488,-2.945267915725708,0
1.227203184813436,0.4014805549900521,-0.01956377812848744,1.884004323205439,0.3271508418152343,-0.01594175958031074,0.7272704127652055,-5.516365067069083e-16,-3.002969264984131,0
1.216313466625117,0.4067965017766418,8.29632135107922e-05,1.863676301951071,0.3344503805465318,6.820874370567377e-05,0.7182598706838258,0.5858502388000488,-2.945267915725708,0
1.212116977215148,0.405667678113068,0.01755584739812328,1.855066484704719,0.3346770037369611,0.01448362470630354,0.7148222108161023,1.149186611175537,-2.774381875991821,0
1.214261682282548,0.3992519239222186,0.03050983731022299,1.857667904045562,0.3288022093983166,0.02512624564819597,0.7166588591464054,1.668360352516174,-2.496877670288086,0
1.219747233039833,0.3880674822996941,0.03866661760491321,1.865640619104833,0.3181540173143571,0.03170051676079554,0.7213180515934966,2.123419761657715,-2.123419761657715,0
1.224908980100422,0.3718279207755485,0.04153807483398194,1.87165736057268,0.3035555513235481,0.03391115218256994,0.7258071375359566,2.496877670288086,-1.668360352516174,0
1.227816276458563,0.3522437456498295,0.0366565552335892,1.872342139712662,0.2868863627266937,0.02985508168968008,0.7285071935983312,2.774381875991821,-1.149186611175537,0
1.228761692106922,0.3352582004906848,0.02197002141187814,1.869814668451854,0.2728423278852609,0.01787980659960742,0.7295527778610745,2.945267915725708,-0.5858502388000488,0
1.225219387496112,0.3384592901839689,-1.110107070446878e-16,1.86185413671221,0.276243825096216,-9.060475877022478e-17,0.7260421968929301,3.59260082244873,0,0
1.223622187377685,0.3415219278662888,-0.01680978266231449,1.859475996285135,0.279107335082078,-0.01373772299629441,0.724679957854715,3.52357006072998,0.7008816599845886,0
1.219180128522928,0.3497039412780271,-0.03023108381302052,1.852789530587317,0.2868353355641578,-0.02479624060937275,0.7209043993203865,3.319130420684814,1.374828815460205,0
1.213250134903154,0.3608787822044514,-0.03790397239794376,1.843971040258232,0.2974479637978842,-0.03124167993681649,0.7158830475595799,2.987138509750366,1.995942115783691,0
1.208502635165289,0.3730793413891946,-0.03832279225772519,1.837836270516593,0.3087120627901386,-0.03171097119906878,0.711856639001398,2.540352344512939,2.540352344512939,0
1.208122158792643,0.384338838171973,-0.03060303728796844,1.840190734582526,0.3181291191248976,-0.02533107853807772,0.7114673770381742,1.995942115783691,2.987138509750366,0
1.213968952142149,0.3920195929051967,-0.01552579397967825,1.854033545126203,0.3229239036249201,-0.01278928423357261,0.7162552058443699,1.374828815460205,3.319130420684814,0
1.225327657360626,0.3936061554047903,0.003513694981627172,1.877322028719993,0.3212252274241682,0.002867555433455018,0.725639550987879,0.7008816599845886,3.52357006072998,0
1.239430835225376,0.3883940992449834,0.02155812992704579,1.904410674507099,0.313364883466336,0.01739357236753409,0.7373474608944575,2.19983350247888e-16,3.59260082244873,0
1.25308856291028,0.3780498777738238,0.03442414977100784,1.929350927358259,0.3016944603626486,0.02747144199533531,0.7487401239635413,-0.7008816599845886,3.52357006072998,0
1.264054709345737,0.3655731041608413,0.04029695536276989,1.948341649065576,0.289206710325108,0.03187912284558254,0.757934494340629,-1.374828815460205,3.319130420684814,0
1.271491475350059,0.3537687061631097,0.03972596690419501,1.96034301113157,0.2782312842999692,0.03124359673214316,0.764203063742498,-1.995942115783691,2.987138509750366,0
1.275702199600245,0.3443124361887859,0.03457217200698392,1.966366352820687,0.2699003233644027,0.02710050356409002,0.7677731489009885,-2.540352344512939,2.540352344512939,0
1.277579241811093,0.3376735814215392,0.02685591466832597,1.968351040635807,0.2643073481241399,0.02102093849791665,0.7693775871807916,-2.987138509750366,1.995942115783691,0
1.278114153672686,0.333550404332846,0.01807315113041056,1.968261986840103,0.2609707461374889,0.01414048274051031,0.7698443025410752,-3.319130420684814,1.374828815460205,0
1.278106650516706,0.3313834999901952,0.009031667767644861,1.967608283644583,0.2592768763516138,0.007066442979538202,0.7698465333543908,-3.52357006072998,0.7008816599845886,0
1.278049526553592,0.3307175355620765,-2.061058060447526e-16,1.967291941789989,0.2587673863108376,-1.612658991397153e-16,0.7698009942590838,-3.59260082244873,4.399667004957759e-16,0
1.278106650516706,0.3313834999901957,-0.009031667767644438,1.967608283644583,0.2592768763516143,-0.007066442979537871,0.7698465333543906,-3.52357006072998,-0.7008816599845886,0
1.278114153672685,0.333550404332845,-0.01807315113041085,1.968261986840102,0.2609707461374883,-0.01414048274051055,0.7698443025410751,-3.319130420684814,-1.374828815460205,0
1.277579241811093,0.3376735814215405,-0.02685591466832499,1.968351040635808,0.2643073481241409,-0.02102093849791589,0.769377587180792,-2.987138509750366,-1.995942115783691,0
1.275702199600245,0.3443124361887853,-0.0345721720069847,1.966366352820687,0.2699003233644022,-0.02710050356409063,0.7677731489009886,-2.540352344512939,-2.540352344512939,0
1.27149147535006,0.3537687061631103,-0.03972596690419367,1.96034301113157,0.2782312842999696,-0.0312435967321421,0.7642030637424981,-1.995942115783691,-2.987138509750366,0
1.264054709345737,0.365573104160842,-0.04029695536276995,1.948341649065576,0.2892067103251086,-0.03187912284558259,0.7579344943406288,-1.374828815460205,-3.319130420684814,0
1.253088562910281,0.378049877773824,-0.03442414977100786,1.92935092735826,0.3016944603626487,-0.02747144199533531,0.7487401239635414,-0.7008816599845886,-3.52357006072998,0
1.239430835225376,0.3883940992449835,-0.02155812992704599,1.904410674507099,0.313364883466336,-0.01739357236753425,0.7373474608944575,-6.599500507436639e-16,-3.59260082244873,0
1.225327657360626,0.3936061554047907,-0.003513694981628175,1.877322028719993,0.3212252274241684,-0.002867555433455837,0.7256395509878789,0.7008816599845886,-3.52357006072998,0
1.21396895214215,0.3920195929051968,0.01552579397967799,1.854033545126203,0.3229239036249202,0.01278928423357239,0.7162552058443702,1.374828815460205,-3.319130420684814,0
1.208122158792642,0.3843388381719723,0.03060303728796907,1.840190734582526,0.3181291191248971,0.02533107853807826,0.7114673770381743,1.995942115783691,-2.987138509750366,0
1.208502635165288,0.3730793413891946,0.03832279225772538,1.837836270516593,0.3087120627901388,0.03171097119906895,0.711856639001398,2.540352344512939,-2.540352344512939,0
1.213250134903153,0.3608787822044512,0.03790397239794371,1.843971040258232,0.2974479637978842,0.03124167993681647,0.7158830475595798,2.987138509750366,-1.995942115783691,0
1.219180128522929,0.3497039412780272,0.03023108381302088,1.852789530587317,0.2868353355641577,0.02479624060937303,0.7209043993203865,3.319130420684814,-1.374828815460205,0
1.223622187377685,0.3415219278662889,0.01680978266231447,1.859475996285135,0.2791073350820781,0.01373772299629439,0.7246799578547148,3.52357006072998,-0.7008816599845886,0
1.194831958305192,0.3151942384518212,-1.306554359558268e-16,1.793400719664067,0.2637979644425548,-1.093504697858558e-16,0.7007307681641044,4.298006534576416,0,0
1.194475084428881,0.3186008517108711,-0.01699308710445138,1.793647276936775,0.2667287546338439,-0.0142264056621795,0.7004145589841655,4.215421199798584,0.8384994268417358,0
1.194023625695654,0.3281945888960222,-0.0301925636842812,1.79544902738987,0.2748644012004466,-0.0252864039157438,0.6999851168530073,3.970839977264404,1.644775867462158,0
1.195047847150077,0.3421279538010749,-0.03650491353066447,1.801424230315604,0.2862880801107451,-0.030546821717407,0.70075723929997,3.57366156578064,2.387844324111938,0
1.19920432834826,0.3574451336633465,-0.0343591528988926,1.814056462227607,0.2980685819869233,-0.02865162515400328,0.7041170629513174,3.039149522781372,3.039149522781372,0
1.20709871381155,0.3705681510263287,-0.02453397921384245,1.833579253350879,0.3069907595678053,-0.02032474969372939,0.7105797723120073,2.387844324111938,3.57366156578064,0
1.217684215060447,0.3784998555629057,-0.01027727301248322,1.857108419549992,0.3108358069206937,-0.008440014977095721,0.7192957581477146,1.644775867462158,3.970839977264404,0
1.228759847741203,0.3801947082565679,0.003947733303368701,1.879966789203007,0.309413356039807,0.003212778567452146,0.7284567149165655,0.8384994268417358,4.215421199798584,0
1.23814265944541,0.3768938430627928,0.01449157174600662,1.898077616802246,0.3044025986727664,0.01170428272982509,0.7362516309798994,2.631769748299534e-16,4.298006534576416,0
1.244588981335925,0.3711115635581765,0.01985281362546517,1.90956014416105,0.2981800169561443,0.01595130113088051,0.7416291115598533,-0.8384994268417358,4.215421199798584,0
1.247990538246619,0.3652089242565115,0.02058512933119317,1.914797481592369,0.2926375746162441,0.01649461971091105,0.7444763130964175,-1.644775867462158,3.970839977264404,0
1.249013006325637,0.3605572041326391,0.01828417746985875,1.915510067525334,0.2886736985976879,0.0146389007778609,0.7453338186235743,-2.387844324111938,3.57366156578064,0
1.248587299764263,0.3575100967051267,0.01456600847429888,1.913705841331216,0.2863316780273401,0.01166599121827444,0.7449750579668381,-3.039149522781372,3.039149522781372,0
1.247545441037178,0.3558083063252604,0.01053697840984967,1.911027703331825,0.2852066903706932,0.008446168021815293,0.7440975000240256,-3.57366156578064,2.387844324111938,0
1.246474053844911,0.3549974896308201,0.006729003189040427,1.908557354623266,0.2848013470764066,0.005398430210628086,0.7431949239873658,-3.970839977264404,1.644775867462158,0
1.245719635674246,0.3546777732106233,0.003256430324159164,1.906894098438494,0.2847171731532143,0.002614095684858191,0.742559366257545,-4.215421199798584,0.8384994268417358,0
1.245451705398679,0.3545989074243864,-5.614040861632876e-17,1.906313973829683,0.2847151004629893,-4.507634328410812e-17,0.7423336568215934,-4.298006534576416,5.263539496599067e-16,0
1.245719635674245,0.3546777732106242,-0.003256430324158719,1.906894098438494,0.2847171731532152,-0.002614095684857836,0.7425593662575448,-4.215421199798584,-0.8384994268417358,0
1.246474053844911,0.3549974896308196,-0.00672900318904099,1.908557354623267,0.2848013470764061,-0.005398430210628536,0.7431949239873662,-3.970839977264404,-1.644775867462158,0
1.247545441037178,0.3558083063252613,-0.01053697840984971,1.911027703331825,0.285206690370694,-0.008446168021815328,0.7440975000240257,-3.57366156578064,-2.387844324111938,0
1.248587299764262,0.3575100967051252,-0.01456600847430041,1.913705841331216,0.2863316780273388,-0.01166599121827566,0.7449750579668383,-3.039149522781372,-3.039149522781372,0
1.249013006325637,0.3605572041326407,-0.01828417746985686,1.915510067525335,0.2886736985976892,-0.01463890077785938,0.7453338186235747,-2.387844324111938,-3.57366156578064,0
1.247990538246618,0.3652089242565125,-0.02058512933119362,1.914797481592369,0.292637574616245,-0.01649461971091142,0.7444763130964172,-1.644775867462158,-3.970839977264404,0
1.244588981335925,0.3711115635581764,-0.01985281362546554,1.90956014416105,0.2981800169561441,-0.01595130113088081,0.7416291115598534,-0.8384994268417358,-4.215421199798584,0
1.238142659445411,0.3768938430627933,-0.01449157174600686,1.898077616802247,0.3044025986727666,-0.01170428272982528,0.7362516309798997,-7.895309509596397e-16,-4.298006534576416,0
1.228759847741204,0.3801947082565684,-0.003947733303369039,1.879966789203007,0.3094133560398072,-0.00321277856745242,0.7284567149165654,0.8384994268417358,-4.215421199798584,0
1.217684215060448,0.3784998555629063,0.010277273012483,1.857108419549993,0.310835806920694,0.00844001497709553,0.719295758147715,1.644775867462158,-3.970839977264404,0
1.20709871381155,0.370568151026328,0.02453397921384316,1.833579253350879,0.3069907595678048,0.02032474969372999,0.7105797723120073,2.387844324111938,-3.57366156578064,0
1.199204328348261,0.3574451336633473,0.03435915289889227,1.814056462227609,0.2980685819869235,0.02865162515400296,0.7041170629513178,3.039149522781372,-3.039149522781372,0
1.195047847150078,0.3421279538010745,0.03650491353066489,1.801424230315602,0.2862880801107447,0.03054682171740734,0.7007572392999694,3.57366156578064,-2.387844324111938,0
1.194023625695654,0.3281945888960223,0.03019256368428138,1.79544902738987,0.2748644012004466,0.02528640391574395,0.6999851168530071,3.970839977264404,-1.644775867462158,0
1.194475084428881,0.3186008517108722,0.01699308710445159,1.793647276936776,0.2667287546338448,0.01422640566217968,0.7004145589841657,4.215421199798584,-0.8384994268417358,0
1.189806645581047,0.3187734368768901,2.113601689650848e-16,1.783920534526017,0.2679203701381377,1.776424511916104e-16,0.6964870343707545,5.141917705535889,0,0
1.190791846406928,0.322136414455236,-0.01194508841990471,1.786848180436293,0.2705228587407985,-0.01003121448635006,0.6972862546771295,5.043117523193359,1.003138422966003,0
1.19385203867755,0.3313022637151428,-0.02044876368325001,1.795579041439712,0.277506971535712,-0.01712839030362711,0.6997738281214632,4.750512599945068,1.967726826667786,0
1.199093312417598,0.3437530596090269,-0.02325950326124771,1.809617607821436,0.2866774887735434,-0.01939757566852923,0.7040475547562822,4.275348663330078,2.856696605682373,0
1.206192010201829,0.3561628985958499,-0.02015648196369283,1.827390702818151,0.2952787745097517,-0.01671084022544644,0.7098554459326952,3.635885000228882,3.635885000228882,0
1.214169756717921,0.3656125739867038,-0.01299485860997353,1.846129925509747,0.301121463422881,-0.01070267031284039,0.7164053956014694,2.856696605682373,4.275348663330078,0
1.221660062234452,0.3707006207453363,-0.004751278438687076,1.862694096130812,0.3034400748660917,-0.003889198464912448,0.7225768578969884,1.967726826667786,4.750512599945068,0
1.227497854400996,0.3718408572913051,0.001944270295859599,1.874826775677205,0.302925871485746,0.001583929689888036,0.7274020512035978,1.003138422966003,5.043117523193359,0
1.231171805455927,0.3705780687490098,0.005836116718912371,1.881897003298689,0.3009962274207356,0.004740294322083783,0.7304447482056237,3.1485167561508e-16,5.141917705535889,0
1.232858614415094,0.3685383288917539,0.007079587343967609,1.884703482526201,0.2989299215519534,0.005742416252107208,0.7318398354740961,-1.003138422966003,5.043117523193359,0
1.233135774566494,0.3667576659366394,0.00658041735618901,1.884712196421968,0.2974187218480238,0.005336328319971368,0.7320617362691203,-1.967726826667786,4.750512599945068,0
1.232642508340155,0.365601800176262,0.005293891097297729,1.883334667951764,0.2966000261248269,0.004294749744130071,0.731641819296506,-2.856696605682373,4.275348663330078,0
1.231873178860066,0.3650180844914916,0.003866498217366974,1.881567784794988,0.2963114148075429,0.003138714507076857,0.7309928817419835,-3.635885000228882,3.635885000228882,0
1.231127136882958,0.364807448382324,0.00260247701451644,1.879965376560115,0.2963198823689043,0.002113897855509504,0.7303651103115399,-4.275348663330078,2.856696605682373,0
1.230549482419932,0.3647807391566781,0.001573910031184464,1.878767259229838,0.2964372781168622,0.00127903026547888,0.7298795791912096,-4.750512599945068,1.967726826667786,0
1.230194419296693,0.3648097550098375,0.0007361832760392975,1.878045021654825,0.2965464233030749,0.0005984283983828966,0.7295813149444865,-5.043117523193359,1.003138422966003,0
1.230075544773493,0.3648263507395181,-2.192219236697903e-16,1.877805367967964,0.2965885731893788,-1.782182603347e-16,0.7294814818216413,-5.141917705535889,6.297033512301601e-16,0
1.230194419296693,0.3648097550098384,-0.0007361832760390796,1.878045021654825,0.2965464233030755,-0.0005984283983827193,0.7295813149444865,-5.043117523193359,-1.003138422966003,0
1.230549482419932,0.3647807391566785,-0.001573910031184745,1.878767259229838,0.2964372781168624,-0.001279030265479108,0.7298795791912098,-4.750512599945068,-1.967726826667786,0
1.231127136882958,0.3648074483823246,-0.002602477014516476,1.879965376560116,0.2963198823689048,-0.002113897855509533,0.7303651103115402,-4.275348663330078,-2.856696605682373,0
1.231873178860066,0.3650180844914904,-0.003866498217368468,1.881567784794987,0.2963114148075421,-0.003138714507078072,0.7309928817419832,-3.635885000228882,-3.635885000228882,0
1.232642508340155,0.3656018001762633,-0.005293891097296563,1.883334667951764,0.2966000261248279,-0.004294749744129126,0.731641819296506,-2.856696605682373,-4.275348663330078,0
1.233135774566492,0.366757665936639,-0.006580417356189337,1.884712196421967,0.2974187218480239,-0.005336328319971642,0.7320617362691197,-1.967726826667786,-4.750512599945068,0
1.232858614415094,0.3685383288917539,-0.007079587343968093,1.884703482526202,0.2989299215519534,-0.005742416252107601,0.7318398354740965,-1.003138422966003,-5.043117523193359,0
1.231171805455928,0.3705780687490106,-0.005836116718912367,1.881897003298689,0.3009962274207361,-0.004740294322083778,0.7304447482056236,-9.445550268452401e-16,-5.141917705535889,0
1.227497854400996,0.3718408572913057,-0.001944270295860281,1.874826775677206,0.3029258714857464,-0.00158392968988859,0.7274020512035979,1.003138422966003,-5.043117523193359,0
1.221660062234452,0.3707006207453366,0.004751278438687718,1.862694096130812,0.3034400748660918,0.003889198464912973,0.7225768578969884,1.967726826667786,-4.750512599945068,0
1.214169756717921,0.3656125739867044,0.0129948586099736,1.846129925509747,0.3011214634228815,0.01070267031284044,0.7164053956014693,2.856696605682373,-4.275348663330078,0
1.20619201020183,0.3561628985958505,0.02015648196369272,1.827390702818151,0.295278774509752,0.01671084022544634,0.709855445932695,3.635885000228882,-3.635885000228882,0
1.199093312417598,0.3437530596090269,0.02325950326124784,1.809617607821436,0.2866774887735434,0.01939757566852934,0.7040475547562823,4.275348663330078,-2.856696605682373,0
1.193852038677551,0.3313022637151429,0.02044876368325017,1.795579041439712,0.2775069715357121,0.01712839030362724,0.699773828121463,4.750512599945068,-1.967726826667786,0
1.190791846406929,0.3221364144552374,0.01194508841990478,1.786848180436294,0.2705228587407994,0.0100312144863501,0.6972862546771296,5.043117523193359,-1.003138422966003,0
1.205370002995486,0.341826653642987,3.922122083976538e-16,1.821551798869214,0.2835864944320065,3.253873975816226e-16,0.7092332350656778,6.151531219482422,0,0
1.206268853863663,0.3437679461437292,-0.005419295964160943,1.823913650513395,0.2849845165467425,-0.0044926103718943,0.7099668824610994,6.033331394195557,1.200104236602783,0
1.208817450776436,0.3489071858217671,-0.008990037897666739,1.830509265738289,0.2886351331192816,-0.007437051716859603,0.7120489600147714,5.683273792266846,2.354089021682739,0
1.212567333628116,0.3555125583826809,-0.009732912445107451,1.839949409287547,0.2931899520325635,-0.008026698538864356,0.7151175970963598,5.114811420440674,3.417607545852661,0
1.216814490761134,0.361616104865858,-0.007927864543759997,1.850260747631342,0.297182608862311,-0.006515261450248683,0.7186007651403551,4.349789142608643,4.349789142608643,0
1.220775399675122,0.3658788466729531,-0.004803559006251599,1.859479346689789,0.2997102061282709,-0.003934842566069027,0.7218564335153612,3.417607545852661,5.114811420440674,0
1.223848638097797,0.3680076535110424,-0.0017585808405003,1.866296821072635,0.3006970323413761,-0.001436926745478613,0.7243864611807483,2.354089021682739,5.683273792266846,0
1.225798359476824,0.3685382885064653,0.0003307689810112595,1.87037857288813,0.3006516411587948,0.000269839634271034,0.7259910830504716,1.200104236602783,6.033331394195557,0
1.226743497905052,0.3682731173451872,0.00130467495011685,1.872191043863684,0.3002038469933597,0.001063527096206243,0.7267647387197889,3.766726399682312e-16,6.151531219482422,0
1.226995339921819,0.3678272414153289,0.001466999032173226,1.872543920756587,0.299778841408449,0.001195602774063265,0.726963852659022,-1.200104236602783,6.033331394195557,0
1.226878032479687,0.3674922659293871,0.001225167147155333,1.872182340821214,0.299534473843855,0.0009986054968146299,0.7268573711333871,-2.354089021682739,5.683273792266846,0
1.226626980399236,0.3673240403921171,0.0008761590064449625,1.871602220822022,0.2994586343376879,0.0007142831687590916,0.7266410920646377,-3.417607545852661,5.114811420440674,0
1.226372580801753,0.3672771844131915,0.000566616916127096,1.871055422844752,0.299482547280273,0.0004620267323301247,0.7264234954302706,-4.349789142608643,4.349789142608643,0
1.226168761747936,0.367291501249692,0.0003387004587466877,1.870633494443066,0.2995440046328601,0.0002762266250070352,0.7262493856352198,-5.114811420440674,3.417607545852661,0
1.226028290365065,0.3673237617966885,0.0001845187616503453,1.87034925899205,0.2996046377423421,0.0001505012266849099,0.7261293175253097,-5.683273792266846,2.354089021682739,0
1.225947923720695,0.367350112779396,8.015362969367303e-05,1.870188829644856,0.2996457726071312,6.538094167198431e-05,0.7260605491376189,-6.033331394195557,1.200104236602783,0
1.225921939066878,0.3673598693588076,-1.671933453218627e-16,1.870137288242206,0.2996600824669366,-1.363817221911564e-16,0.7260382975474616,-6.151531219482422,7.533452799364623e-16,0
1.225947923720695,0.3673501127793966,-8.015362969323136e-05,1.870188829644857,0.2996457726071317,-6.538094167162405e-05,0.7260605491376189,-6.033331394195557,-1.200104236602783,0
1.226028290365066,0.3673237617966886,-0.0001845187616503594,1.870349258992051,0.2996046377423421,-0.0001505012266849214,0.7261293175253101,-5.683273792266846,-2.354089021682739,0
1.226168761747936,0.3672915012496926,-0.0003387004587466555,1.870633494443065,0.2995440046328606,-0.000276226625007009,0.7262493856352195,-5.114811420440674,-3.417607545852661,0
1.226372580801753,0.3672771844131902,-0.0005666169161282594,1.871055422844753,0.299482547280272,-0.0004620267323310735,0.7264234954302712,-4.349789142608643,-4.349789142608643,0
1.226626980399236,0.3673240403921178,-0.0008761590064435992,1.871602220822022,0.2994586343376885,-0.0007142831687579804,0.7266410920646372,-3.417607545852661,-5.114811420440674,0
1.226878032479686,0.3674922659293862,-0.001225167147155708,1.872182340821213,0.2995344738438544,-0.0009986054968149356,0.726857371133387,-2.354089021682739,-5.683273792266846,0
1.226995339921819,0.3678272414153289,-0.001466999032173514,1.872543920756588,0.299778841408449,-0.0011956027740635,0.7269638526590222,-1.200104236602783,-6.033331394195557,0
1.226743497905052,0.3682731173451874,-0.001304674950117195,1.872191043863684,0.3002038469933598,-0.001063527096206524,0.7267647387197891,-1.130017972844253e-15,-6.151531219482422,0
1.225798359476824,0.3685382885064658,-0.0003307689810117557,1.870378572888131,0.3006516411587951,-0.0002698396342714387,0.7259910830504717,1.200104236602783,-6.033331394195557,0
1.223848638097798,0.3680076535110424,0.001758580840500152,1.866296821072634,0.300697032341376,0.001436926745478491,0.7243864611807481,2.354089021682739,-5.683273792266846,0
1.220775399675122,0.3658788466729526,0.004803559006252067,1.859479346689789,0.2997102061282704,0.003934842566069409,0.7218564335153616,3.417607545852661,-5.114811420440674,0
1.216814490761134,0.3616161048658592,0.007927864543759768,1.850260747631342,0.2971826088623117,0.006515261450248492,0.718600765140355,4.349789142608643,-4.349789142608643,0
1.212567333628117,0.3555125583826806,0.00973291244510773,1.839949409287547,0.2931899520325632,0.008026698538864584,0.71511759709636,5.114811420440674,-3.417607545852661,0
1.208817450776436,0.348907185821767,0.008990037897666543,1.830509265738289,0.2886351331192815,0.00743705171685944,0.7120489600147712,5.683273792266846,-2.354089021682739,0
1.206268853863663,0.3437679461437297,0.005419295964160986,1.823913650513396,0.2849845165467428,0.004492610371894334,0.7099668824610995,6.033331394195557,-1.200104236602783,0
1.218490460907683,0.3590727606319943,3.455343985213891e-17,1.852915521765449,0.2946865586165626,2.835757928412441e-17,0.7200034254814616,7.359381675720215,0,0
1.21886506092322,0.359758861938536,-0.001623741785465634,1.853869579272194,0.2951588928687803,-0.001332175182899856,0.7203101936092735,7.217972755432129,1.435744047164917,0
1.219887300743143,0.3615362403072419,-0.002630557306022459,1.856446077747593,0.296368558052041,-0.002156393713107719,0.7211477017509074,6.799181938171387,2.81631326675415,0
1.221287907939607,0.3637285200202823,-0.002749795845699469,1.85990647344257,0.2978237298966762,-0.002251554140365276,0.722295954213736,6.119102001190186,4.088653087615967,0
1.222727908247575,0.3656439097369145,-0.002159241579987588,1.863365195262191,0.2990394733534453,-0.001765921563925235,0.7234769230540986,5.203868389129639,5.203868389129639,0
1.223923357174737,0.3669016553683278,-0.001295735996274013,1.866135905564063,0.2997750253049106,-0.001058674130760153,0.7244564972686985,4.088653087615967,6.119102001190186,0
1.224734327724664,0.3675043869548721,-0.0005551544413818351,1.867934576431926,0.300068658676065,-0.0004532856055510522,0.7251184705538432,2.81631326675415,6.799181938171387,0
1.225172882051542,0.3676792916487498,-0.0001130694197315448,1.868851794395919,0.3001040073896133,-9.228854261139944e-05,0.7254723098997724,1.435744047164917,7.217972755432129,0
1.225342452015686,0.3676704625952616,5.824256396933594e-05,1.869169824346528,0.3000552718878255,4.753166257606355e-05,0.7256036370611093,4.506321687906877e-16,7.359381675720215,0
1.225362474214891,0.3676284003181435,7.182982268204347e-05,1.869176459143128,0.3000160426437808,5.861924466722875e-05,0.7256116992497468,-1.435744047164917,7.217972755432129,0
1.225322197058335,0.3676083500089115,2.889634531796599e-05,1.869069924548516,0.3000095410753508,2.358265065901708e-05,0.725570767206788,-2.81631326675415,6.799181938171387,0
1.225270939459973,0.3676135333266336,-1.453925449643709e-05,1.868951620519125,0.3000263219240767,-1.186615468317982e-05,0.7255219009144442,-4.088653087615967,6.119102001190186,0
1.225228547156144,0.3676317856781399,-3.928224701459703e-05,1.868858286517593,0.3000515997863774,-3.206115879831103e-05,0.7254816132701408,-5.203868389129639,5.203868389129639,0
1.225199250850668,0.3676522618478649,-4.479887545790136e-05,1.86879521861319,0.3000754869810769,-3.656456321434824e-05,0.7254534008149274,-6.119102001190186,4.088653087615967,0
1.225181319305158,0.3676689591667785,-3.650072573331012e-05,1.868756995644871,0.3000935072820863,-2.979210110223598e-05,0.7254357845454393,-6.799181938171387,2.81631326675415,0
1.225171926055963,0.3676794309989057,-2.006857055227417e-05,1.868737028880966,0.3001043552985485,-1.638020764716533e-05,0.7254263717673483,-7.217972755432129,1.435744047164917,0
1.225169031870476,0.3676829613758003,-4.132363135578887e-17,1.868730876760976,0.3001079457701079,-3.372892252483704e-17,0.7254234350577581,-7.359381675720215,9.012643375813753e-16,0
1.225171926055963,0.3676794309989057,2.006857055252277e-05,1.868737028880966,0.3001043552985485,1.638020764736825e-05,0.7254263717673483,-7.217972755432129,-1.435744047164917,0
1.225181319305159,0.3676689591667792,3.650072573288812e-05,1.868756995644872,0.3000935072820867,2.979210110189152e-05,0.7254357845454393,-6.799181938171387,-2.81631326675415,0
1.225199250850668,0.3676522618478645,4.47988754583853e-05,1.868795218613189,0.3000754869810766,3.656456321474323e-05,0.7254534008149268,-6.119102001190186,-4.088653087615967,0
1.225228547156144,0.3676317856781394,3.928224701350724e-05,1.868858286517594,0.300051599786377,3.206115879742157e-05,0.7254816132701413,-5.203868389129639,-5.203868389129639,0
1.225270939459973,0.3676135333266343,1.453925449729627e-05,1.868951620519124,0.3000263219240772,1.186615468388103e-05,0.7255219009144438,-4.088653087615967,-6.119102001190186,0
1.225322197058335,0.3676083500089121,-2.889634531796316e-05,1.869069924548518,0.3000095410753513,-2.358265065901477e-05,0.7255707672067885,-2.81631326675415,-6.799181938171387,0
1.225362474214891,0.3676284003181434,-7.182982268240648e-05,1.869176459143128,0.3000160426437808,-5.861924466752501e-05,0.7256116992497466,-1.435744047164917,-7.217972755432129,0
1.225342452015686,0.3676704625952614,-5.824256396974852e-05,1.869169824346528,0.3000552718878254,-4.753166257640025e-05,0.7256036370611095,-1.351896453432504e-15,-7.359381675720215,0
1.225172882051542,0.3676792916487499,0.0001130694197310415,1.868851794395918,0.3001040073896134,9.228854261098863e-05,0.725472309899772,1.435744047164917,-7.217972755432129,0
1.224734327724665,0.3675043869548721,0.0005551544413820325,1.867934576431926,0.3000686586760647,0.000453285605551213,0.7251184705538433,2.81631326675415,-6.799181938171387,0
1.223923357174737,0.3669016553683271,0.001295735996274476,1.866135905564063,0.29977502530491,0.001058674130760531,0.7244564972686984,4.088653087615967,-6.119102001190186,0
1.222727908247575,0.3656439097369149,0.002159241579987911,1.863365195262192,0.2990394733534456,0.001765921563925498,0.7234769230540988,5.203868389129639,-5.203868389129639,0
1.221287907939607,0.3637285200202821,0.002749795845699439,1.85990647344257,0.297823729896676,0.002251554140365252,0.7222959542137359,6.119102001190186,-4.088653087615967,0
1.219887300743144,0.3615362403072419,0.002630557306022427,1.856446077747594,0.2963685580520409,0.002156393713107692,0.7211477017509076,6.799181938171387,-2.81631326675415,0
1.218865060923219,0.3597588619385358,0.001623741785465773,1.853869579272193,0.2951588928687803,0.00133217518289997,0.7203101936092731,7.217972755432129,-1.435744047164917,0
1.222798317177051,0.3646468596201772,1.332882597635743e-16,1.863255806242386,0.2982068706653113,1.090026522699861e-16,0.7235542827159011,8.80439281463623,0,0
1.222924497217312,0.3648661113343101,-0.0005094332745054734,1.863572617746095,0.2983553867508092,-0.0004165696865707218,0.7236570507036636,8.635218620300293,1.717651844024658,0
1.223260409088513,0.3654279327499659,-0.0008348698693997077,1.864408913875103,0.2987327391902243,-0.0006824956184282899,0.7239303941256321,8.134198188781738,3.369295120239258,0
1.223699963201292,0.3661096335321849,-0.0009054582484329253,1.865485340133125,0.2991825157650689,-0.0007399348497683842,0.7242872818160302,7.320584774017334,4.891458511352539,0
1.224125325824954,0.3667004362696503,-0.0007843098663943265,1.866502481416651,0.2995611875136446,-0.000640710432051367,0.7246310484334162,6.225645542144775,6.225645542144775,0
1.224456400300962,0.3671013405472767,-0.0005950762506640746,1.867270370318974,0.2998076047926622,-0.0004859921925499424,0.7248961355619763,4.891458511352539,7.320584774017334,0
1.224670298302556,0.3673268655159529,-0.000432937793233348,1.867748510483753,0.2999393926880429,-0.0003535137529124515,0.725064214191437,3.369295120239258,8.134198188781738,0
1.224787607771724,0.3674426358078737,-0.0003291835976204046,1.867999535973441,0.3000051874107121,-0.0002687679035382255,0.7251528573309338,1.717651844024658,8.635218620300293,0
1.224844576335052,0.3675074056168035,-0.0002705931897572023,1.868115439786116,0.3000441139368469,-0.0002209204294040833,0.725192477181829,5.391135480982271e-16,8.80439281463623,0
1.224872018923736,0.3675525711547548,-0.0002331162429096167,1.868168589329911,0.3000742652915804,-0.0001903188572422857,0.7252088133096223,-1.717651844024658,8.635218620300293,0
1.224888157163052,0.3675886585476706,-0.0002006660682544367,1.868199171240302,0.3000997735164966,-0.0001638239924853196,0.7252170072858599,-3.369295120239258,8.134198188781738,0
1.224900805913962,0.3676173787128417,-0.0001672814455080979,1.868223350166565,0.3001201215134668,-0.0001365673405556139,0.7252234610236378,-4.891458511352539,7.320584774017334,0
1.224912043687169,0.3676388166741688,-0.0001326428533710923,1.868245024777365,0.3001348697393167,-0.0001082876554726472,0.7252297613675055,-6.225645542144775,6.225645542144775,0
1.224921708427851,0.3676536287813367,-9.801550037361594e-05,1.868263681816806,0.3001445939375251,-8.00177674207569e-05,0.7252356213340798,-7.320584774017334,4.891458511352539,0
1.224929142374673,0.367662983753008,-6.434352707793699e-05,1.868277990064579,0.3001504095496079,-5.252836662306794e-05,0.7252403563199201,-8.134198188781738,3.369295120239258,0
1.224933805306236,0.3676680526273001,-3.181108909895828e-05,1.868286935272748,0.3001534050530855,-2.596963930716684e-05,0.7252434103588107,-8.635218620300293,1.717651844024658,0
1.224935391398936,0.3676696471350746,5.09755627796178e-18,1.868289971977472,0.3001543181107519,4.161489915104929e-18,0.7252444623458191,-8.80439281463623,1.078227096196454e-15,0
1.224933805306236,0.3676680526273008,3.181108909882208e-05,1.868286935272749,0.3001534050530861,2.596963930705565e-05,0.7252434103588108,-8.635218620300293,-1.717651844024658,0
1.224929142374673,0.3676629837530082,6.434352707806227e-05,1.868277990064579,0.300150409549608,5.252836662317021e-05,0.7252403563199205,-8.134198188781738,-3.369295120239258,0
1.22492170842785,0.3676536287813367,9.80155003738476e-05,1.868263681816805,0.3001445939375254,8.001776742094608e-05,0.7252356213340795,-7.320584774017334,-4.891458511352539,0
1.224912043687169,0.3676388166741683,0.000132642853370023,1.868245024777365,0.3001348697393163,0.0001082876554717742,0.7252297613675059,-6.225645542144775,-6.225645542144775,0
1.224900805913961,0.3676173787128424,0.0001672814455091609,1.868223350166565,0.3001201215134676,0.0001365673405564817,0.7252234610236373,-4.891458511352539,-7.320584774017334,0
1.224888157163051,0.3675886585476709,0.0002006660682545306,1.868199171240303,0.3000997735164968,0.0001638239924853962,0.72521700728586,-3.369295120239258,-8.134198188781738,0
1.224872018923736,0.3675525711547549,0.0002331162429090855,1.868168589329912,0.3000742652915803,0.0001903188572418519,0.7252088133096225,-1.717651844024658,-8.635218620300293,0
1.224844576335053,0.3675074056168034,0.0002705931897572346,1.868115439786117,0.3000441139368468,0.0002209204294041096,0.7251924771818293,-1.61734069723424e-15,-8.80439281463623,0
1.224787607771724,0.367442635807874,0.0003291835976199195,1.867999535973441,0.3000051874107123,0.0002687679035378294,0.7251528573309338,1.717651844024658,-8.635218620300293,0
1.224670298302556,0.3673268655159533,0.000432937793234084,1.867748510483753,0.299939392688043,0.0003535137529130523,0.7250642141914371,3.369295120239258,-8.134198188781738,0
1.224456400300962,0.3671013405472761,0.0005950762506649281,1.867270370318973,0.2998076047926617,0.0004859921925506394,0.7248961355619762,4.891458511352539,-7.320584774017334,0
1.224125325824954,0.3667004362696505,0.0007843098663939775,1.866502481416652,0.2995611875136448,0.0006407104320510818,0.7246310484334164,6.225645542144775,-6.225645542144775,0
1.223699963201291,0.3661096335321844,0.0009054582484332172,1.865485340133124,0.2991825157650687,0.000739934849768623,0.7242872818160296,7.320584774017334,-4.891458511352539,0
1.223260409088513,0.3654279327499657,0.0008348698693996364,1.864408913875103,0.2987327391902241,0.0006824956184282316,0.7239303941256321,8.134198188781738,-3.369295120239258,0
1.222924497217313,0.3648661113343109,0.0005094332745054717,1.863572617746095,0.2983553867508098,0.0004165696865707204,0.7236570507036636,8.635218620300293,-1.717651844024658,0
1.225,0.3675,0,1.868436238839286,0.3,0,0.7253244955357145,10,0,0
1.225,0.3675,0,1.868436238839286,0.3,0,0.7253244955357145,9.807852745056152,1.950903177261353,0
1.225,0.3675,0,1.868436238839286,0.3,0,0.7253244955357145,9.238795280456543,3.826834440231323,0
1.225,0.3675,0,1.868436238839286,0.3,0,0.7253244955357145,8.314696311950684,5.555702209472656,0
1.225,0.3675,0,1.868436238839286,0.3,0,0.7253244955357145,7.071067810058594,7.071067810058594,0
1.225,0.3675,0,1.868436238839286,0.3,0,0.7253244955357145,5.555702209472656,8.314696311950684,0
1.225,0.3675,0,1.868436238839286,0.3,0,0.7253244955357145,3.826834440231323,9.238795280456543,0
1.225,0.3675,0,1.868436238839286,0.3,0,0.7253244955357145,1.950903177261353,9.807852745056152,0
1.225,0.3675,0,1.868436238839286,0.3,0,0.7253244955357145,6.123233998228043e-16,10,0
1.225,0.3675,0,1.868436238839286,0.3,0,0.7253244955357145,-1.950903177261353,9.807852745056152,0
1.225,0.3675,0,1.868436238839286,0.3,0,0.7253244955357145,-3.826834440231323,9.238795280456543,0
1.225,0.3675,0,1.868436238839286,0.3,0,0.7253244955357145,-5.555702209472656,8.314696311950684,0
1.225,0.3675,0,1.868436238839286,0.3,0,0.7253244955357145,-7.071067810058594,7.071067810058594,0
1.225,0.3675,0,1.868436238839286,0.3,0,0.7253244955357145,-8.314696311950684,5.555702209472656,0
1.225,0.3675,0,1.868436238839286,0.3,0,0.7253244955357145,-9.238795280456543,3.826834440231323,0
1.225,0.3675,0,1.868436238839286,0.3,0,0.7253244955357145,-9.807852745056152,1.950903177261353,0
1.225,0.3675,0,1.868436238839286,0.3,0,0.7253244955357145,-10,1.224646799645609e-15,0
1.225,0.3675,0,1.868436238839286,0.3,0,0.7253244955357145,-9.807852745056152,-1.950903177261353,0
1.225,0.3675,0,1.868436238839286,0.3,0,0.7253244955357145,-9.238795280456543,-3.826834440231323,0
1.225,0.3675,0,1.868436238839286,0.3,0,0.7253244955357145,-8.314696311950684,-5.555702209472656,0
1.225,0.3675,0,1.868436238839286,0.3,0,0.7253244955357145,-7.071067810058594,-7.071067810058594,0
1.225,0.3675,0,1.868436238839286,0.3,0,0.7253244955357145,-5.555702209472656,-8.314696311950684,0
1.225,0.3675,0,1.868436238839286,0.3,0,0.7253244955357145,-3.826834440231323,-9.238795280456543,0
1.225,0.3675,0,1.868436238839286,0.3,0,0.7253244955357145,-1.950903177261353,-9.807852745056152,0
1.225,0.3675,0,1.868436238839286,0.3,0,0.7253244955357145,-1.836970093589295e-15,-10,0
1.225,0.3675,0,1.868436238839286,0.3,0,0.7253244955357145,1.950903177261353,-9.807852745056152,0
1.225,0.3675,0,1.868436238839286,0.3,0,0.7253244955357145,3.826834440231323,-9.238795280456543,0
1.225,0.3675,0,1.868436238839286,0.3,0,0.7253244955357145,5.555702209472656,-8.314696311950684,0
1.225,0.3675,0,1.868436238839286,0.3,0,0.7253244955357145,7.071067810058594,-7.071067810058594,0
1.225,0.3675,0,1.868436238839286,0.3,0,0.7253244955357145,8.314696311950684,-5.555702209472656,0
1.225,0.3675,0,1.868436238839286,0.3,0,0.7253244955357145,9.238795280456543,-3.826834440231323,0
1.225,0.3675,0,1.868436238839286,0.3,0,0.7253244955357145,9.807852745056152,-1.950903177261353,0
